Id,Number
w_e15442c,0
w_1287fbc,1
w_da2efe0,2
w_19e5482,3
w_f22f3e3,4
w_8b1ca89,5
w_eaad6a8,6
new_whale,7
w_3d0bc7a,8
w_50db782,9
w_2863d51,10
w_6dc7db6,11
w_968f2ca,12
w_fd1cb9d,13
w_60759c2,14
w_ab6bb0a,15
w_79b42cd,16
w_c9ba30c,17
w_e6ec8ee,18
w_7e5cc5e,19
w_ab6db0f,20
w_bc8d634,21
w_b59c523,22
w_2850471,23
w_51969d2,24
w_4be8a3e,25
w_c0cfd5b,26
w_339c8ae,27
w_7c7a78c,28
w_25871da,29
w_97f5054,30
w_6926f08,31
w_9c70a11,32
w_8e4abc9,33
w_222dcb7,34
w_36a4e8b,35
w_886257d,36
w_a2eb1bb,37
w_2ac8b4d,38
w_9ea2cc3,39
w_af67683,40
w_7b3f9d1,41
w_effd0ea,42
w_96b697f,43
w_c07f119,44
w_685466f,45
w_04c1951,46
w_307065e,47
w_b4369cc,48
w_2173953,49
w_27cf4e2,50
w_aed023d,51
w_af8cad1,52
w_a837660,53
w_4e68ddc,54
w_f19faeb,55
w_0ead9d7,56
w_8c1ec28,57
w_7ef90f7,58
w_88e5933,59
w_f18df18,60
w_0a71e87,61
w_f663b5e,62
w_03f060f,63
w_f2e9eb1,64
w_4114553,65
w_4fdaa2a,66
w_55d6c4f,67
w_12c3d3d,68
w_e74980b,69
w_778ee6e,70
w_4b1fad6,71
w_1c32062,72
w_67de30b,73
w_656afeb,74
w_0de84f0,75
w_9e559ff,76
w_392bee3,77
w_2c6fe6f,78
w_5384c57,79
w_e115a81,80
w_8ba2066,81
w_0f16be3,82
w_b729b1f,83
w_b074cdf,84
w_73cbacd,85
w_e05ee50,86
w_69f4311,87
w_4fd48e7,88
w_7276f4b,89
w_93bf889,90
w_d142b00,91
w_e156c87,92
w_5297ab3,93
w_73d5489,94
w_6202983,95
w_b14007c,96
w_2a939eb,97
w_5624f08,98
w_e59a1f0,99
w_a8b5c0f,100
w_a1b985a,101
w_913a2ad,102
w_511c464,103
w_d3c8520,104
w_6e8486d,105
w_18df014,106
w_96b8436,107
w_681dba6,108
w_7049d9f,109
w_cd22b23,110
w_0b3c02c,111
w_e8ca955,112
w_9b401eb,113
w_fea7fe6,114
w_e07f3d1,115
w_1d2fbc1,116
w_da0b8b5,117
w_ccca0db,118
w_a4f77bd,119
w_711aaa1,120
w_9ae554b,121
w_1274a11,122
w_9dcf002,123
w_d88328d,124
w_125095f,125
w_8b22583,126
w_6b82ccc,127
w_9562910,128
w_1febbf3,129
w_7ad249d,130
w_cf3c233,131
w_eb8429c,132
w_c11932e,133
w_c9e1cdc,134
w_b8f8e69,135
w_e3b2cfa,136
w_71c7322,137
w_3621c49,138
w_bc62c0e,139
w_33909b8,140
w_a31aa30,141
w_717a293,142
w_44f66a7,143
w_86b3de4,144
w_ba1befb,145
w_4fa1bd5,146
w_379ba08,147
w_c708776,148
w_01cbcbf,149
w_962164f,150
w_c926fc3,151
w_5c62a56,152
w_379785d,153
w_8420f42,154
w_2c51d33,155
w_b34793e,156
w_bf14813,157
w_5cb5fc3,158
w_b2f1afa,159
w_5b99089,160
w_2fe43c7,161
w_eec1133,162
w_3dd1a87,163
w_b83b069,164
w_37dd956,165
w_302af0a,166
w_47d2bc6,167
w_f546b0a,168
w_9d5f5cc,169
w_ad8bc47,170
w_09d7946,171
w_7523d74,172
w_9d48bcf,173
w_1894a1c,174
w_3197568,175
w_a85a3c9,176
w_b6efe77,177
w_1d53d9c,178
w_a71aa99,179
w_c9dd32e,180
w_95874a5,181
w_a18d0dc,182
w_1029f4e,183
w_8464638,184
w_d6e437d,185
w_5d86dc6,186
w_2341d0a,187
w_7f867ec,188
w_da63cba,189
w_f8cd6b6,190
w_db0ad01,191
w_0f54cdf,192
w_a91b997,193
w_af5d11a,194
w_3aa2073,195
w_e4971dc,196
w_fb94a5a,197
w_7c6ad05,198
w_e158680,199
w_5a29f9d,200
w_b318111,201
w_7ab1759,202
w_296749b,203
w_b5144b0,204
w_a2a1378,205
w_41fa033,206
w_b2d937a,207
w_cae7677,208
w_13c6b6b,209
w_b942708,210
w_19ca2c6,211
w_bcb0696,212
w_0324b97,213
w_a8e5d39,214
w_5aa4856,215
w_980bb1a,216
w_dbf4e7f,217
w_7554f44,218
w_b688397,219
w_53859b2,220
w_65e2424,221
w_4d358e5,222
w_3f907d6,223
w_5c07f42,224
w_845f7ca,225
w_a66b2a5,226
w_0471bdf,227
w_898eb3b,228
w_40be51f,229
w_94e1ed4,230
w_6c2d7ea,231
w_b9ee5ec,232
w_79cde72,233
w_b96d4e0,234
w_8f2fb79,235
w_6398e9d,236
w_ccfdb00,237
w_1a70685,238
w_0e7cb1c,239
w_af18c29,240
w_5dc1c2d,241
w_80171b9,242
w_1eafe46,243
w_a14ccaa,244
w_dee6441,245
w_f8e6546,246
w_992c775,247
w_7f0700f,248
w_1a229eb,249
w_046634b,250
w_1dff010,251
w_bb79fb8,252
w_d1bbde9,253
w_ff7630a,254
w_98baff9,255
w_fc433f7,256
w_6ba46a1,257
w_fcdc898,258
w_f63d8b0,259
w_15d7ecf,260
w_aa7a302,261
w_1917275,262
w_18a1bf2,263
w_989fbbb,264
w_0b3b659,265
w_d96a0cd,266
w_2e42cc0,267
w_d6a6360,268
w_0f8b515,269
w_517a3bc,270
w_bbd9409,271
w_6871147,272
w_0466071,273
w_2486665,274
w_654a5bb,275
w_4e52a49,276
w_4e7fc3e,277
w_3320e76,278
w_ad6edbe,279
w_25fdcfb,280
w_d0e5d1d,281
w_0d39a68,282
w_b9c9129,283
w_ec354a5,284
w_a7d4668,285
w_a526492,286
w_44a6b62,287
w_7307089,288
w_f0612be,289
w_0b0d88d,290
w_df82632,291
w_9c5ed68,292
w_f6086ac,293
w_aeca19c,294
w_dbda0d6,295
w_fba3bde,296
w_c13a4e3,297
w_1dc6d62,298
w_6d17527,299
w_eb44149,300
w_cd70e8b,301
w_41901e5,302
w_7e841fa,303
w_60c5ba0,304
w_cf00b01,305
w_dcb4be9,306
w_a965f14,307
w_9072f07,308
w_1489751,309
w_e3c119c,310
w_ba8c7bc,311
w_ff70408,312
w_50e125b,313
w_639aed5,314
w_bb2d34d,315
w_79774a5,316
w_77e1ae3,317
w_27da7aa,318
w_d47e2e3,319
w_90f5d3b,320
w_98413c8,321
w_7bcc2d6,322
w_40e3ee7,323
w_5126776,324
w_269b090,325
w_92d55a6,326
w_655bba3,327
w_9621342,328
w_8c3db0a,329
w_2fcb559,330
w_bf4880a,331
w_0b04c08,332
w_f792125,333
w_b6c4efa,334
w_c71bf0e,335
w_6c803bf,336
w_2b443f8,337
w_290f82b,338
w_9948a99,339
w_2b28681,340
w_0a565c5,341
w_b1d054c,342
w_d28208f,343
w_c00534d,344
w_87cb6bd,345
w_57c14db,346
w_6e742e5,347
w_3b5403b,348
w_4b7b80b,349
w_5c59d12,350
w_fe96bef,351
w_3278f8c,352
w_ce9b95e,353
w_0a0cf7d,354
w_06b6f60,355
w_c786765,356
w_7cca153,357
w_613723e,358
w_8cf18ac,359
w_0acce53,360
w_33fc58d,361
w_8201aa8,362
w_480b2d4,363
w_462a117,364
w_a59905f,365
w_2811cea,366
w_b678944,367
w_a913945,368
w_c622a3f,369
w_17136dc,370
w_3cf3853,371
w_8963cff,372
w_5f68f56,373
w_7104905,374
w_8103039,375
w_ef89b72,376
w_83e0203,377
w_02c2248,378
w_29c9595,379
w_8533569,380
w_0e96943,381
w_a533837,382
w_f9d27ad,383
w_640f91d,384
w_0d48a7d,385
w_32037e2,386
w_48bcad8,387
w_8459e39,388
w_9d136ff,389
w_eb0a6ed,390
w_35c8057,391
w_58c3bf9,392
w_70715c1,393
w_693c9ee,394
w_981a39b,395
w_1c2fb13,396
w_acee288,397
w_569c2c7,398
w_aaf443d,399
w_a1fe45d,400
w_fa32440,401
w_67e6b75,402
w_3fffc61,403
w_505a141,404
w_0ea659e,405
w_aa446ad,406
w_5e04db0,407
w_b066aa6,408
w_347b648,409
w_0899118,410
w_f6d32e2,411
w_2071a4c,412
w_6af9dd7,413
w_849b126,414
w_f5cc2fd,415
w_414f402,416
w_7028d77,417
w_b29214f,418
w_4c9d3df,419
w_1090920,420
w_ef2f0f0,421
w_a646643,422
w_9967edd,423
w_a21cc97,424
w_5a6d315,425
w_680e011,426
w_96c141f,427
w_02fce90,428
w_26dd948,429
w_d8f848c,430
w_d224115,431
w_e0e133a,432
w_fcd8828,433
w_5a0d250,434
w_dc89c4c,435
w_cece268,436
w_ba53619,437
w_c103b25,438
w_b6a95e0,439
w_4ec7c66,440
w_f9a09c6,441
w_6d274b2,442
w_6f580eb,443
w_07e92ee,444
w_0853262,445
w_ceffa10,446
w_851a7f4,447
w_49b425b,448
w_1596a47,449
w_398aa7f,450
w_8a3449f,451
w_6992521,452
w_8fb79a2,453
w_9989964,454
w_18a854b,455
w_b074f5e,456
w_eff7e35,457
w_01c2cb0,458
w_1e31d24,459
w_8de6989,460
w_3350425,461
w_3b0894d,462
w_ba39446,463
w_a22afc6,464
w_5c6215c,465
w_83b2cab,466
w_94cd45e,467
w_fd07344,468
w_7ed3719,469
w_28ce17c,470
w_3c2ec7a,471
w_2fd21ec,472
w_549fbeb,473
w_823fcbb,474
w_23dce10,475
w_ab161f7,476
w_0793503,477
w_a34c992,478
w_f4e0748,479
w_77e1d3f,480
w_4696a5a,481
w_c2580ef,482
w_63d10a1,483
w_64d8a6d,484
w_b721e96,485
w_66c1b54,486
w_a0fc1a7,487
w_2d29ddd,488
w_330f897,489
w_f8c3a63,490
w_4855bd3,491
w_9291cdf,492
w_a5a13d0,493
w_9b4a5df,494
w_fa96a3d,495
w_38e4aae,496
w_3fc7f1e,497
w_3d12652,498
w_b6301f8,499
w_f478955,500
w_e685c80,501
w_49bbc79,502
w_19a5685,503
w_67599af,504
w_5f50b5e,505
w_2ce9f0c,506
w_9688819,507
w_efd3f81,508
w_699be3a,509
w_8507226,510
w_fe36b07,511
w_42c631a,512
w_2282bb8,513
w_d4bc10d,514
w_0ee4d6d,515
w_d51a79f,516
w_cf69291,517
w_690fc6b,518
w_d5ec83f,519
w_515838e,520
w_9771603,521
w_73b705e,522
w_01a51a6,523
w_e39371c,524
w_8697f5f,525
w_0c42dba,526
w_f5b8faf,527
w_53951e6,528
w_3fc3d07,529
w_2e4fecc,530
w_1a5e7a2,531
w_95af6a2,532
w_dc97dc3,533
w_b04d4f1,534
w_0f41afe,535
w_08ddb50,536
w_ea90267,537
w_5f9fd41,538
w_8aab1d4,539
w_4bf5a06,540
w_89e159a,541
w_e4f1fcc,542
w_0c6dbbe,543
w_09dd18c,544
w_a22f338,545
w_883b284,546
w_7419e4b,547
w_c493795,548
w_f79b3f9,549
w_7885601,550
w_81df82e,551
w_f4b95e7,552
w_f03ca16,553
w_ca0ec7c,554
w_cc009e5,555
w_25d7f93,556
w_432b162,557
w_1e5a146,558
w_b8dff40,559
w_74011a2,560
w_be20b46,561
w_c0d494d,562
w_491607b,563
w_6092d5c,564
w_76106aa,565
w_740dfd4,566
w_95f9670,567
w_861cc1c,568
w_8114b1b,569
w_7f6ce8e,570
w_c167245,571
w_1a5beb9,572
w_3ee8570,573
w_0e4f53c,574
w_c26666e,575
w_c8bf168,576
w_8867074,577
w_686408a,578
w_01319fa,579
w_5436d75,580
w_7c943ab,581
w_19dc50f,582
w_831f124,583
w_fc76ede,584
w_01a99a5,585
w_87050a3,586
w_37bd99a,587
w_3af4e73,588
w_b6689cc,589
w_da9254f,590
w_75378d3,591
w_3380eb0,592
w_6047e81,593
w_f6b952e,594
w_d96c946,595
w_a31fed5,596
w_43be268,597
w_20da4cf,598
w_73c9ba2,599
w_4cedbf8,600
w_65efe4d,601
w_75f217b,602
w_fd218ba,603
w_ffcd98e,604
w_43b50e5,605
w_206e903,606
w_c2ea3f0,607
w_fb8ca1e,608
w_0e737d0,609
w_ed117b3,610
w_ffa78a5,611
w_76d2cce,612
w_33c3ce1,613
w_d9aab0a,614
w_0869575,615
w_718ce15,616
w_35c5d43,617
w_fe054f3,618
w_243e33e,619
w_f90b695,620
w_c99f5ef,621
w_e62a48d,622
w_cb6a206,623
w_4a1e58b,624
w_1f10750,625
w_c06dd6e,626
w_002222a,627
w_b70a0c4,628
w_80211fd,629
w_2bea4c4,630
w_a19eecd,631
w_7e8b270,632
w_721d2e9,633
w_93aee9e,634
w_2c3f440,635
w_44ef2b8,636
w_d36f58c,637
w_95b6cc3,638
w_bf3449f,639
w_64830fa,640
w_a01d903,641
w_5ea3410,642
w_e3f7187,643
w_29fc08a,644
w_b0aed4a,645
w_41f0a7e,646
w_449a34e,647
w_fcf5284,648
w_f16e220,649
w_8f7b653,650
w_d37b55b,651
w_6c99c53,652
w_577e627,653
w_3d66298,654
w_648a9a8,655
w_99c07e8,656
w_df15cc8,657
w_637f363,658
w_d2be6cc,659
w_159f36b,660
w_e55a554,661
w_dfbfe10,662
w_c751211,663
w_8d72578,664
w_4f38350,665
w_db2baec,666
w_099ab25,667
w_7aaa569,668
w_19f0b15,669
w_8bdc211,670
w_c35b3ae,671
w_d663f4f,672
w_59eb8ae,673
w_8329cea,674
w_9ca943b,675
w_4133134,676
w_68820e8,677
w_5cc2285,678
w_2f283f3,679
w_9a21f34,680
w_451f507,681
w_31fb9f0,682
w_3d8c865,683
w_18eee6e,684
w_aed8c22,685
w_aed6a9a,686
w_f81c626,687
w_e9f85b7,688
w_9e7021b,689
w_61c1f9c,690
w_00cb685,691
w_490c8a0,692
w_8325a79,693
w_28c8f60,694
w_d84ed05,695
w_8431164,696
w_fca13e2,697
w_1948625,698
w_45b90d9,699
w_f369a80,700
w_d8e752e,701
w_6dc88a6,702
w_b71d930,703
w_89d9c03,704
w_3565288,705
w_028ca0d,706
w_1272a31,707
w_5010531,708
w_f0a4a2a,709
w_f1396bd,710
w_a1a707e,711
w_494dd45,712
w_193b7e3,713
w_9a1d8e7,714
w_4a78bf2,715
w_9c3db0a,716
w_b0b275e,717
w_b478c13,718
w_705e0fb,719
w_7763134,720
w_d7ffaf2,721
w_19212f0,722
w_6710cf8,723
w_af9a47a,724
w_cd01afb,725
w_cb5ea24,726
w_2250fa9,727
w_ee17a08,728
w_46e45e6,729
w_02d5fad,730
w_6545984,731
w_5b1fa1d,732
w_4c8e7ae,733
w_f87b77b,734
w_92585eb,735
w_aae82f8,736
w_73f8bd3,737
w_daeb296,738
w_acc33ca,739
w_bed6af1,740
w_8b56cb1,741
w_da0f481,742
w_94a4216,743
w_f0f56dc,744
w_2f81b85,745
w_e0799da,746
w_fed0031,747
w_8489554,748
w_4285435,749
w_0a97a25,750
w_e30e97f,751
w_7a2dfd7,752
w_1dc66b7,753
w_5d335c3,754
w_6bbaa92,755
w_89f463f,756
w_bc93e4a,757
w_e73d83c,758
w_17b33ae,759
w_ed6da70,760
w_90ec71a,761
w_dab1fb4,762
w_6e42b8e,763
w_7248590,764
w_864cc78,765
w_f02bf23,766
w_871b1b9,767
w_1d84278,768
w_b970272,769
w_c6fceea,770
w_8b1d546,771
w_e58fbe3,772
w_a1350a7,773
w_7b39dda,774
w_daec6d3,775
w_a0ae961,776
w_e3c0ae5,777
w_e62b5d8,778
w_52b0438,779
w_09c1e0b,780
w_4504167,781
w_2d99a0c,782
w_e4616da,783
w_09f825c,784
w_8158b1f,785
w_ae1db8a,786
w_08f1502,787
w_93d42a1,788
w_14c8f15,789
w_cb38960,790
w_e02fe7b,791
w_a402e24,792
w_57e8a80,793
w_813c5be,794
w_3d2724b,795
w_9146eae,796
w_1ac4c38,797
w_2725793,798
w_ed5a7c6,799
w_fb4d1f1,800
w_21dfc18,801
w_ede13b5,802
w_a87ac93,803
w_5966fff,804
w_aed1e43,805
w_92d390e,806
w_86ff8a6,807
w_7759db0,808
w_f28de05,809
w_97bc172,810
w_f185562,811
w_74de378,812
w_00b621b,813
w_837646b,814
w_53e9072,815
w_776ba6e,816
w_351a1e1,817
w_c068ed3,818
w_fe922c3,819
w_2dbb0fe,820
w_e0ba9ae,821
w_c053b99,822
w_b5c9946,823
w_680b86e,824
w_e5ed2d6,825
w_733fe81,826
w_ddad87e,827
w_d3f5be3,828
w_dab33f6,829
w_21e178f,830
w_33b9360,831
w_c58b474,832
w_fe6c1f3,833
w_4791b4c,834
w_68a7146,835
w_3b483d3,836
w_1ed4dde,837
w_c0f3e88,838
w_130508d,839
w_014250a,840
w_44beff0,841
w_8e93d0e,842
w_d3ce445,843
w_37a7f78,844
w_e8c35dc,845
w_57a137f,846
w_3add848,847
w_e24a84d,848
w_e0f1df1,849
w_ade77e6,850
w_43e45b6,851
w_f4219e3,852
w_80fff4d,853
w_83714b7,854
w_7d819df,855
w_da0372d,856
w_b604c18,857
w_91361f0,858
w_8cd7651,859
w_5ba417d,860
w_d9562f1,861
w_aa16da4,862
w_d234e6b,863
w_4ec48a9,864
w_422420c,865
w_dfec7a3,866
w_3c9f80b,867
w_dbc392b,868
w_b0362e2,869
w_4d98ef7,870
w_050bdac,871
w_ebe0ad5,872
w_540fd73,873
w_d6255a4,874
w_993d66c,875
w_17dc953,876
w_1e3ce01,877
w_3db53dc,878
w_0f89e72,879
w_58cb087,880
w_b282692,881
w_2e872af,882
w_33973bf,883
w_136653f,884
w_d345e80,885
w_5a2075e,886
w_5817e08,887
w_7f3a122,888
w_77e3e0f,889
w_bbf20b4,890
w_fe8233d,891
w_e1431ba,892
w_dbc4dcc,893
w_330286e,894
w_1c69443,895
w_8c957e0,896
w_ba17206,897
w_1746c88,898
w_1eaebf2,899
w_0f84bf6,900
w_f283381,901
w_f1b565a,902
w_f790728,903
w_8a2793e,904
w_cd02407,905
w_f460394,906
w_9694b9d,907
w_32602d9,908
w_afde232,909
w_f9083fe,910
w_4f28a45,911
w_3d9fb6c,912
w_7e8fb79,913
w_ace8c54,914
w_9f1fafb,915
w_2e2ba59,916
w_5dd4772,917
w_9854838,918
w_6d05f7f,919
w_514c62c,920
w_a2564cf,921
w_0c8967d,922
w_2901dbf,923
w_c1540a3,924
w_bc5beaa,925
w_e9cacbf,926
w_ca40961,927
w_6e47e0e,928
w_032d44d,929
w_06dbe6b,930
w_f208155,931
w_338b130,932
w_ce7c6c0,933
w_6132293,934
w_cb32cb8,935
w_dcb1f2a,936
w_72e70e5,937
w_9b804bd,938
w_930bc39,939
w_76d5723,940
w_7f81114,941
w_c87651d,942
w_104cc93,943
w_2658649,944
w_fbcb6e4,945
w_67fecca,946
w_e6d89c0,947
w_18fbec1,948
w_ba9bc6d,949
w_47148ca,950
w_419226b,951
w_61e1076,952
w_5619521,953
w_96fd936,954
w_5a1b758,955
w_29cc48b,956
w_54fc5b3,957
w_987a36f,958
w_deb33de,959
w_ccf547c,960
w_741861e,961
w_2709cfc,962
w_82c9c67,963
w_55647bd,964
w_78f2e92,965
w_e61dd6d,966
w_0cc4a2b,967
w_d6d502a,968
w_9c61d57,969
w_5d50ea2,970
w_19f7a8b,971
w_5d2734c,972
w_27b9e86,973
w_0eb2886,974
w_b39c722,975
w_edcb241,976
w_cd38536,977
w_8c1e2e4,978
w_50729c4,979
w_ab4bd59,980
w_7ab9a17,981
w_7377b2b,982
w_238bbbf,983
w_735ce7d,984
w_a846944,985
w_522ba14,986
w_1310342,987
w_4659acf,988
w_ddf14ae,989
w_71ec55a,990
w_c5e13f8,991
w_dfd7ee8,992
w_3694c7d,993
w_87782a0,994
w_c8f7bcd,995
w_b7d5069,996
w_6aad777,997
w_dd76ce2,998
w_b4ad62f,999
w_073b15e,1000
w_ecb9a79,1001
w_1854334,1002
w_0ba62fd,1003
w_0e9f6d9,1004
w_8a816b1,1005
w_2dc2ef2,1006
w_4b95330,1007
w_e9ac2a8,1008
w_1fd0d0e,1009
w_a56d9ff,1010
w_059df09,1011
w_217e78a,1012
w_d6a9529,1013
w_771d855,1014
w_661dacb,1015
w_2a51a27,1016
w_011d4b5,1017
w_a25caa9,1018
w_0771d4b,1019
w_452400e,1020
w_c206494,1021
w_e3c1ec4,1022
w_5007db3,1023
w_b7a832a,1024
w_817f022,1025
w_5af83da,1026
w_e4d3ec3,1027
w_cda4b05,1028
w_b1d6681,1029
w_057c418,1030
w_0c6d50d,1031
w_32915fe,1032
w_434ad6a,1033
w_54c00ad,1034
w_d02787f,1035
w_587d2e3,1036
w_c59d04b,1037
w_2b969fe,1038
w_ef30115,1039
w_ca1850d,1040
w_7c2d27c,1041
w_dcd7a1d,1042
w_a369ccf,1043
w_43c0762,1044
w_35453e0,1045
w_471cca4,1046
w_de2c79f,1047
w_9a967cb,1048
w_bd1c23d,1049
w_7e253e1,1050
w_7ecd94c,1051
w_1b332ba,1052
w_824f286,1053
w_07616fd,1054
w_b2374b8,1055
w_710a3a3,1056
w_d59cb45,1057
w_5415fcb,1058
w_c3ce041,1059
w_9f638d8,1060
w_2392b4c,1061
w_5b5a85d,1062
w_29670e2,1063
w_642bd9e,1064
w_9ba06bb,1065
w_a950d1c,1066
w_7e1eb95,1067
w_9b098ea,1068
w_fe2742d,1069
w_09be3ad,1070
w_ca4ca6f,1071
w_5fc5ea5,1072
w_2d2de1d,1073
w_4be373e,1074
w_bcf23a8,1075
w_7311fe4,1076
w_6a7478d,1077
w_2f7753e,1078
w_eea20c4,1079
w_a59075f,1080
w_a1e017f,1081
w_eb7c39f,1082
w_ca56bf3,1083
w_b95307d,1084
w_94da90b,1085
w_bd1dbed,1086
w_40323ac,1087
w_0d733a5,1088
w_b3655a6,1089
w_61b87f9,1090
w_a3d72f9,1091
w_e8a8d85,1092
w_da7d77c,1093
w_c84409b,1094
w_ed67618,1095
w_7edcfa5,1096
w_7d4cb72,1097
w_7b1686d,1098
w_0bc712b,1099
w_15427c3,1100
w_1f09cdd,1101
w_73185e4,1102
w_6ba475f,1103
w_c4cafb8,1104
w_72f25c9,1105
w_9122179,1106
w_3a9ee71,1107
w_88b5d47,1108
w_0740d28,1109
w_853c1f7,1110
w_c8d20aa,1111
w_7918071,1112
w_e0bbddc,1113
w_15f29b7,1114
w_4d4bd72,1115
w_16d1b32,1116
w_fd3ce71,1117
w_38954da,1118
w_5af7a9c,1119
w_d651356,1120
w_b9e116f,1121
w_e8ae8c1,1122
w_35063ed,1123
w_3f90907,1124
w_72b0a6b,1125
w_ca6a771,1126
w_d8384bf,1127
w_a254eb0,1128
w_a8335f2,1129
w_64befc3,1130
w_dbaa2b1,1131
w_d6815ff,1132
w_0b18e41,1133
w_4057481,1134
w_d7d60f9,1135
w_ffb4e3d,1136
w_361e290,1137
w_3745f59,1138
w_af04ba6,1139
w_0819271,1140
w_ef7755e,1141
w_4f37147,1142
w_414c24a,1143
w_6b7d5ad,1144
w_f8c9150,1145
w_313b78a,1146
w_52a081c,1147
w_e3caa40,1148
w_5557280,1149
w_82bab38,1150
w_c5f9e78,1151
w_c30959a,1152
w_53ef628,1153
w_1431f4b,1154
w_b2e1722,1155
w_9023f3b,1156
w_7bda16b,1157
w_f3248b4,1158
w_71f6bc5,1159
w_9065f2e,1160
w_b7ea0df,1161
w_0988bbb,1162
w_076daec,1163
w_5a81425,1164
w_d76d3bb,1165
w_f30d2bd,1166
w_490b224,1167
w_3bf56d4,1168
w_1f606cf,1169
w_2216a46,1170
w_a9dd349,1171
w_1deadd7,1172
w_ddbf533,1173
w_2085f2e,1174
w_cf8b725,1175
w_84fcae8,1176
w_c263d43,1177
w_42cc88d,1178
w_045d9fc,1179
w_a9f41fd,1180
w_9729e1e,1181
w_dbd2cff,1182
w_674e03b,1183
w_79413a6,1184
w_3f8f5aa,1185
w_d434526,1186
w_64f3545,1187
w_30f095d,1188
w_3fdab94,1189
w_8c30867,1190
w_62799b5,1191
w_6a6b3b3,1192
w_affdf5d,1193
w_17e592c,1194
w_c887c63,1195
w_eb39613,1196
w_8f3cb68,1197
w_5f82501,1198
w_c4e71b6,1199
w_80d95d6,1200
w_a524549,1201
w_d037229,1202
w_91b7c58,1203
w_ad32646,1204
w_7ed0d17,1205
w_b2cded6,1206
w_42dd100,1207
w_dfd3f5e,1208
w_b4732ef,1209
w_9e1e278,1210
w_92be3ca,1211
w_ba0d756,1212
w_f21f2ec,1213
w_50e8e41,1214
w_e2d0aaa,1215
w_22b09d0,1216
w_2c75202,1217
w_cb7b682,1218
w_560661c,1219
w_d6df554,1220
w_3c2d938,1221
w_87e8446,1222
w_cd88a48,1223
w_ab4cae2,1224
w_2bdd2df,1225
w_232e5bd,1226
w_53dbf9d,1227
w_f64658b,1228
w_a18c856,1229
w_8397970,1230
w_bdbec6c,1231
w_31a93e7,1232
w_2c68b75,1233
w_fbb485b,1234
w_6463ce8,1235
w_41ed8e8,1236
w_63db6f9,1237
w_dfacbe7,1238
w_8eb63b7,1239
w_3ca387d,1240
w_e54feba,1241
w_3e25a26,1242
w_21a1bdb,1243
w_d9055d1,1244
w_6b4af70,1245
w_010a1fa,1246
w_f4f3f6d,1247
w_c0560ac,1248
w_7c91fa7,1249
w_c11fce0,1250
w_867c9e1,1251
w_7db10cc,1252
w_ffa7427,1253
w_f12580c,1254
w_3fc8361,1255
w_4d528e4,1256
w_9434f0c,1257
w_4fb3c95,1258
w_9b318aa,1259
w_286ec5f,1260
w_367b996,1261
w_f6bca7a,1262
w_dd60c18,1263
w_cdc0a1c,1264
w_eadf1ec,1265
w_6865ccb,1266
w_15928c6,1267
w_b8ea509,1268
w_b081817,1269
w_2a6d006,1270
w_d8f0f46,1271
w_d7de1ee,1272
w_5292ff4,1273
w_b939998,1274
w_ecbf9fa,1275
w_cbac51f,1276
w_4659761,1277
w_a1237e3,1278
w_6fcceaf,1279
w_62c3998,1280
w_8069cbb,1281
w_e41f2fa,1282
w_1d05772,1283
w_afc7d61,1284
w_5919cf7,1285
w_4404247,1286
w_b48535f,1287
w_fe424c3,1288
w_0337aa5,1289
w_186bcab,1290
w_2c717fb,1291
w_a335e80,1292
w_63d1ea6,1293
w_17d5eb9,1294
w_cf24f84,1295
w_e594616,1296
w_516bedb,1297
w_1632307,1298
w_f3865d6,1299
w_74e15fc,1300
w_8e16693,1301
w_5f43cde,1302
w_9ec358c,1303
w_8fac7da,1304
w_4ae9b0a,1305
w_f4e03d4,1306
w_be4d5b8,1307
w_00d8453,1308
w_89dcef1,1309
w_faa4239,1310
w_02facde,1311
w_d521332,1312
w_4e2652d,1313
w_c84551d,1314
w_fe95ab8,1315
w_5acfa65,1316
w_dd90e0a,1317
w_5810973,1318
w_f803b29,1319
w_e26c35f,1320
w_38770cd,1321
w_b33e728,1322
w_56bbc91,1323
w_8e451d9,1324
w_5abb7d5,1325
w_4df0b12,1326
w_fda4fc5,1327
w_01f211f,1328
w_63131a3,1329
w_372909c,1330
w_8d46cef,1331
w_7185713,1332
w_22fa4ad,1333
w_b9d27c6,1334
w_ebff750,1335
w_6be343c,1336
w_d2f7b3c,1337
w_2c19c4a,1338
w_469e847,1339
w_dc001f8,1340
w_5fbef36,1341
w_212b985,1342
w_4439f3d,1343
w_a51b387,1344
w_75bac95,1345
w_170bacc,1346
w_d2ab9c4,1347
w_cce912e,1348
w_d35355e,1349
w_7437489,1350
w_b5ea8a0,1351
w_b0e05b1,1352
w_96c6151,1353
w_60cc444,1354
w_91b5f87,1355
w_ed07d84,1356
w_f5771d1,1357
w_d19a884,1358
w_9bf57f8,1359
w_59786da,1360
w_dff77b6,1361
w_8b15b96,1362
w_88f57d0,1363
w_6c7bd1c,1364
w_9d0e84a,1365
w_425da9a,1366
w_2c3163b,1367
w_430849b,1368
w_1ec267f,1369
w_901363f,1370
w_179ffe3,1371
w_6547e12,1372
w_d10c9ff,1373
w_3e1ba5b,1374
w_11adaae,1375
w_7417ab0,1376
w_c7d76c6,1377
w_53064a6,1378
w_2e977e2,1379
w_59349ea,1380
w_c48ad3e,1381
w_7a9f3f6,1382
w_1cb2134,1383
w_25e2bc9,1384
w_f4844e7,1385
w_2b3fe8e,1386
w_0087fdd,1387
w_65e519b,1388
w_f7d5919,1389
w_3f12226,1390
w_ca5f17f,1391
w_30d8376,1392
w_7c7bfb0,1393
w_b6886e5,1394
w_b588283,1395
w_49a3a96,1396
w_ffbd74c,1397
w_212ad82,1398
w_4a074b8,1399
w_26edeb8,1400
w_fae3939,1401
w_e655c65,1402
w_62c548b,1403
w_cf669dc,1404
w_1beadba,1405
w_238a4ad,1406
w_f031837,1407
w_e7a238b,1408
w_5021993,1409
w_bd61ca9,1410
w_8596faf,1411
w_8cd6d46,1412
w_65139e4,1413
w_fd1a27f,1414
w_b3cc032,1415
w_cc22f68,1416
w_44a137d,1417
w_d9d4088,1418
w_d8e681c,1419
w_701972b,1420
w_16f61aa,1421
w_ace5d0c,1422
w_733f161,1423
w_6b03eb4,1424
w_a232f9e,1425
w_0d8fb3f,1426
w_7e9dc07,1427
w_f3f84d7,1428
w_44237e0,1429
w_896023f,1430
w_676ddb0,1431
w_e375961,1432
w_8fab53d,1433
w_38b1edd,1434
w_081dd6e,1435
w_3feb2df,1436
w_6c9aa21,1437
w_3674103,1438
w_b41e229,1439
w_816d462,1440
w_8f1aa27,1441
w_03c84ef,1442
w_2b930da,1443
w_20ba84b,1444
w_d5293a1,1445
w_576db5d,1446
w_76599c3,1447
w_e3f51ec,1448
w_d314904,1449
w_7324cf5,1450
w_94b4478,1451
w_5d84c65,1452
w_3cdf114,1453
w_7f5f0c9,1454
w_71764b4,1455
w_ead305f,1456
w_844f032,1457
w_df7485b,1458
w_118d911,1459
w_9d2ded8,1460
w_c0a4c9d,1461
w_e082823,1462
w_8c66a16,1463
w_89e451c,1464
w_932c8cd,1465
w_76b6f7c,1466
w_1b5989e,1467
w_17411dd,1468
w_8e23e4c,1469
w_f7fed13,1470
w_0265cb6,1471
w_3d1c2ef,1472
w_17ee910,1473
w_54a5871,1474
w_532fb22,1475
w_410142f,1476
w_303518a,1477
w_e7e6ef2,1478
w_03c6d18,1479
w_3d45268,1480
w_bf69a19,1481
w_f51b4bc,1482
w_a7f847f,1483
w_f0db0ba,1484
w_db3621e,1485
w_22bb9b3,1486
w_4c049c1,1487
w_0753c29,1488
w_8141223,1489
w_c10ffe9,1490
w_01b2250,1491
w_826dc6d,1492
w_34942b2,1493
w_d3857a6,1494
w_9875c12,1495
w_ad87135,1496
w_423e872,1497
w_f7a0fd7,1498
w_d4ab7ad,1499
w_503ff17,1500
w_23e5a4c,1501
w_719011d,1502
w_6361632,1503
w_2fdf63b,1504
w_5dab8df,1505
w_d25a717,1506
w_7ae398c,1507
w_2f54c3c,1508
w_1c22d7e,1509
w_8148b95,1510
w_7f4cd72,1511
w_7d896ac,1512
w_e3bb130,1513
w_43966a3,1514
w_29eb3b2,1515
w_4655b25,1516
w_71bfc77,1517
w_5d86f98,1518
w_7484196,1519
w_b1acbb9,1520
w_578a509,1521
w_1d17e8c,1522
w_4a9ee0f,1523
w_f746a73,1524
w_09d654f,1525
w_667833e,1526
w_a1a8680,1527
w_c6bd2bb,1528
w_9269ec6,1529
w_fcfcf68,1530
w_308bd26,1531
w_80b1c48,1532
w_f986587,1533
w_50eb157,1534
w_08d1ccd,1535
w_92e7841,1536
w_b890652,1537
w_f96592f,1538
w_3e75bf3,1539
w_0c70bc3,1540
w_f3d98bc,1541
w_a20c1e5,1542
w_fe49bc4,1543
w_f4fc8cc,1544
w_c61de62,1545
w_caf4286,1546
w_d89b29e,1547
w_994ff96,1548
w_53ed912,1549
w_a30882c,1550
w_7e4d894,1551
w_d053be5,1552
w_11c2836,1553
w_488f836,1554
w_5dbe64d,1555
w_99ad599,1556
w_a789d49,1557
w_3cada3d,1558
w_b5383b5,1559
w_559ce61,1560
w_78a6f56,1561
w_b05f565,1562
w_7285eb3,1563
w_9411f86,1564
w_daf1085,1565
w_3f91e04,1566
w_ef99fe9,1567
w_bbad9a2,1568
w_4b8d0c9,1569
w_c663985,1570
w_26bd720,1571
w_541b160,1572
w_958b908,1573
w_71e6583,1574
w_3136deb,1575
w_b31d830,1576
w_e4c7fac,1577
w_f2d87b0,1578
w_3c4062e,1579
w_4c25641,1580
w_598b8ab,1581
w_b9beaf5,1582
w_48a98d7,1583
w_bc9dc37,1584
w_a5f6c33,1585
w_d58ef7f,1586
w_a3abc56,1587
w_cfddb15,1588
w_9b67e87,1589
w_93e1b76,1590
w_983829b,1591
w_b4d182b,1592
w_f2e9055,1593
w_cfe35d4,1594
w_bcad8eb,1595
w_293b5e4,1596
w_2641733,1597
w_dc81791,1598
w_73e1d5b,1599
w_39cfc71,1600
w_e6541e4,1601
w_e38b2c7,1602
w_5b576a0,1603
w_77fbe5c,1604
w_9923d21,1605
w_6bea436,1606
w_2ac069f,1607
w_9151503,1608
w_436a924,1609
w_a422d00,1610
w_e80641a,1611
w_482c51f,1612
w_3f5e7fc,1613
w_0ad6137,1614
w_7b035cc,1615
w_1014df7,1616
w_6556c5c,1617
w_02a768d,1618
w_e86cf21,1619
w_e8a6c4b,1620
w_ee9c4d7,1621
w_1904e8c,1622
w_7c44934,1623
w_ab1c859,1624
w_de20ab0,1625
w_24e2654,1626
w_46594b2,1627
w_b4a5677,1628
w_87e00c8,1629
w_78948b5,1630
w_6e1b161,1631
w_3dc5e74,1632
w_0626e4d,1633
w_12cdfbd,1634
w_2f6a962,1635
w_bf77b13,1636
w_e826a6f,1637
w_0d049cf,1638
w_25a38b8,1639
w_fe87f0a,1640
w_8ebb024,1641
w_0e0e856,1642
w_a59221a,1643
w_9d3ba38,1644
w_2c83e22,1645
w_17a0832,1646
w_7a53e0c,1647
w_985877e,1648
w_13249f1,1649
w_4b47559,1650
w_15b9665,1651
w_5a25156,1652
w_87c4190,1653
w_c0daf38,1654
w_8534390,1655
w_9db9ef5,1656
w_b1f6e70,1657
w_fce6ab2,1658
w_8eceeb8,1659
w_40cc259,1660
w_e988011,1661
w_f3db3f1,1662
w_e63fbbe,1663
w_8db45b7,1664
w_b20763e,1665
w_2f6ad07,1666
w_1652da1,1667
w_ee23a5f,1668
w_7a892ea,1669
w_1c6d5f0,1670
w_8a4b8ef,1671
w_329e594,1672
w_8cd3036,1673
w_4ce0510,1674
w_4e85c68,1675
w_edf5f77,1676
w_5ae47d9,1677
w_61cf42e,1678
w_6232813,1679
w_34c4927,1680
w_bd5cf0a,1681
w_91d9cd0,1682
w_e428015,1683
w_ca54a51,1684
w_8b6fd36,1685
w_1306632,1686
w_6a16373,1687
w_cad1a8d,1688
w_7895123,1689
w_a57351c,1690
w_158eeb9,1691
w_9b6b87d,1692
w_88c4d5e,1693
w_a67a1bc,1694
w_d58a303,1695
w_8bde95b,1696
w_95c7d1b,1697
w_83d8a2e,1698
w_86b9dfd,1699
w_0beef28,1700
w_e45bc18,1701
w_8d83172,1702
w_fd587bc,1703
w_d22af00,1704
w_a866824,1705
w_e98432b,1706
w_a2b8172,1707
w_8740039,1708
w_a464d28,1709
w_d1917df,1710
w_fe4c603,1711
w_1ecfe96,1712
w_898bb9a,1713
w_ee948c6,1714
w_0f96780,1715
w_fdf60bb,1716
w_777546c,1717
w_a7c6cf3,1718
w_3023ee5,1719
w_959b917,1720
w_48c9deb,1721
w_0be0d81,1722
w_95aad92,1723
w_aa7e5f4,1724
w_afe953f,1725
w_48f649e,1726
w_2a18a44,1727
w_44cccf6,1728
w_83a922d,1729
w_5102893,1730
w_89317b0,1731
w_2dea395,1732
w_e6ddfe1,1733
w_3ae3603,1734
w_71e851f,1735
w_3e0f25d,1736
w_37c23fa,1737
w_e0efc4f,1738
w_847088b,1739
w_eb47189,1740
w_750dc93,1741
w_6badfcf,1742
w_e0818df,1743
w_489e374,1744
w_9b00e07,1745
w_77607b5,1746
w_efebfe8,1747
w_d708c5a,1748
w_3881300,1749
w_fac9864,1750
w_d3a5075,1751
w_06972d2,1752
w_fcee41d,1753
w_660629d,1754
w_ba39ad5,1755
w_8c23123,1756
w_c7f1975,1757
w_4e1f7bd,1758
w_5be8e63,1759
w_7257028,1760
w_8dcd784,1761
w_d382236,1762
w_63035d1,1763
w_7dee51b,1764
w_7faebe3,1765
w_ab2d17a,1766
w_bf38f05,1767
w_2b939eb,1768
w_c666071,1769
w_9e22ded,1770
w_9fd6909,1771
w_551f5ca,1772
w_c102ec3,1773
w_8a66718,1774
w_4a43c71,1775
w_1e7bb93,1776
w_b3e6069,1777
w_a62f211,1778
w_05396d8,1779
w_d10472d,1780
w_cf82352,1781
w_3449e4f,1782
w_cef690d,1783
w_62c6a8c,1784
w_efa1fc7,1785
w_7394d75,1786
w_a2b3d53,1787
w_fbbf84a,1788
w_cf7eebd,1789
w_cb9220b,1790
w_2dae424,1791
w_0fea5a3,1792
w_7904cff,1793
w_eb458bf,1794
w_02bb4cf,1795
w_3e73d8a,1796
w_0b0b7cc,1797
w_6193637,1798
w_7ba4b5a,1799
w_3b99025,1800
w_c128384,1801
w_f60c7e8,1802
w_62ca7c8,1803
w_4476e55,1804
w_552a16e,1805
w_ec87420,1806
w_d47a33f,1807
w_7caa4fe,1808
w_046a210,1809
w_531d2e5,1810
w_ed32859,1811
w_62f804d,1812
w_1da7080,1813
w_f2b0e93,1814
w_cc8d317,1815
w_7538922,1816
w_231a0c8,1817
w_a58f64d,1818
w_1d38877,1819
w_9ceb05d,1820
w_218b25e,1821
w_9577f88,1822
w_5444df0,1823
w_642de28,1824
w_993dbe8,1825
w_2d963bb,1826
w_c0d1701,1827
w_9e1e818,1828
w_4f0b7d9,1829
w_5f47726,1830
w_11d8e5a,1831
w_fc7cc24,1832
w_ad0d6ec,1833
w_b6ae946,1834
w_9df0865,1835
w_a2e2f8e,1836
w_6247b2e,1837
w_662a132,1838
w_cbd49f8,1839
w_65428d9,1840
w_6719a5b,1841
w_af76f1e,1842
w_f76af37,1843
w_ce425e5,1844
w_ab67564,1845
w_60eba40,1846
w_444a844,1847
w_79581d3,1848
w_00fbb4e,1849
w_e09d8cf,1850
w_d2324e2,1851
w_49a3b14,1852
w_7fe3551,1853
w_88083bc,1854
w_208de0e,1855
w_dd8299b,1856
w_4863ed9,1857
w_60c5e7e,1858
w_0d0bc48,1859
w_75780a0,1860
w_70b9e55,1861
w_883557a,1862
w_d141590,1863
w_d4b90bf,1864
w_a74742c,1865
w_c102acf,1866
w_d6b7115,1867
w_f83b1f9,1868
w_4b87cba,1869
w_4f6fabd,1870
w_90201e3,1871
w_8f776ed,1872
w_5f7c402,1873
w_4808f0a,1874
w_9caed77,1875
w_715c557,1876
w_4a38a9f,1877
w_6d90f45,1878
w_0cd401c,1879
w_8ecd3a7,1880
w_4b83ce2,1881
w_5cc51d6,1882
w_5e78545,1883
w_5b2bb99,1884
w_fe5e78b,1885
w_c0f377b,1886
w_d2e1f2a,1887
w_3455b23,1888
w_b5e3076,1889
w_f0d8be1,1890
w_1609b19,1891
w_b64126b,1892
w_a29719a,1893
w_69e88da,1894
w_3b90f9b,1895
w_0827d51,1896
w_0d85e59,1897
w_f86488a,1898
w_d0932d8,1899
w_81b402a,1900
w_3947b78,1901
w_c6be61e,1902
w_009dc00,1903
w_715d152,1904
w_5ad2030,1905
w_72b0d7f,1906
w_f1a4389,1907
w_979dc10,1908
w_bccfcc1,1909
w_8e25bfa,1910
w_1facad2,1911
w_9cb529f,1912
w_73e5530,1913
w_76ebad6,1914
w_14964c1,1915
w_773509f,1916
w_b033b36,1917
w_3f365f3,1918
w_e2e56e9,1919
w_79f5620,1920
w_142dce1,1921
w_e8bce8a,1922
w_5612fed,1923
w_6fa41e8,1924
w_b6410bc,1925
w_c66638b,1926
w_8d300c3,1927
w_a358522,1928
w_4624237,1929
w_cf0c062,1930
w_b9417ee,1931
w_2f89dfe,1932
w_6503ccd,1933
w_3fc0946,1934
w_b1a8107,1935
w_cd3e1bd,1936
w_a8ec52f,1937
w_c2c4f43,1938
w_127f4c6,1939
w_5bdcd94,1940
w_2730966,1941
w_6c899ff,1942
w_2832e90,1943
w_31d3999,1944
w_dbb315c,1945
w_f69889f,1946
w_39043c9,1947
w_0da589d,1948
w_6163581,1949
w_a190aff,1950
w_4772747,1951
w_4a069df,1952
w_12f2352,1953
w_bb388ca,1954
w_ebf3f26,1955
w_607a734,1956
w_17a2610,1957
w_a38fee3,1958
w_2ce5ce2,1959
w_ba302c8,1960
w_bdd0576,1961
w_2b4da16,1962
w_d8eae88,1963
w_1fa0ee5,1964
w_8f50a1f,1965
w_3a94311,1966
w_a494171,1967
w_0475042,1968
w_75e6bf3,1969
w_9091ae6,1970
w_0cb6294,1971
w_a1d95a3,1972
w_3cc4e90,1973
w_770eb84,1974
w_6460698,1975
w_0ac6a0a,1976
w_45aac7a,1977
w_87acd5c,1978
w_4875b75,1979
w_76923e4,1980
w_f18af3b,1981
w_54b0844,1982
w_f6bd6f8,1983
w_a14a253,1984
w_45461e6,1985
w_e0f6444,1986
w_80618a3,1987
w_09558d4,1988
w_86a7464,1989
w_6485cd4,1990
w_874cf52,1991
w_5570053,1992
w_d0157fd,1993
w_da6d50b,1994
w_c8728f4,1995
w_f9fb9d7,1996
w_f6d425e,1997
w_1969a9d,1998
w_143b201,1999
w_6ec850b,2000
w_945aefe,2001
w_b4eeae6,2002
w_175536a,2003
w_c95a0ea,2004
w_79d4855,2005
w_0a2af22,2006
w_8327e8d,2007
w_9a8f43f,2008
w_3a47dba,2009
w_e7b1cb3,2010
w_de3cab3,2011
w_7cfaa82,2012
w_77f3e70,2013
w_dab75ca,2014
w_d9fdd15,2015
w_7f1f97b,2016
w_f93d780,2017
w_0dc176f,2018
w_99365b3,2019
w_a4d37d5,2020
w_3d4900b,2021
w_ae0ab55,2022
w_d75aff6,2023
w_f53deac,2024
w_7ad8bb3,2025
w_aa3d7b8,2026
w_e17b0f1,2027
w_2d57dce,2028
w_f802d74,2029
w_ca94288,2030
w_8e97748,2031
w_e4b5d0b,2032
w_febafc1,2033
w_771136b,2034
w_5054c6a,2035
w_e17c752,2036
w_d7ddf9c,2037
w_5f9508d,2038
w_94bc64e,2039
w_f2ef6f8,2040
w_5eda687,2041
w_dac2f44,2042
w_bf65341,2043
w_3027b8f,2044
w_7af28d7,2045
w_32a920b,2046
w_e6f5e09,2047
w_520d618,2048
w_b05c57f,2049
w_41d32aa,2050
w_a96d4dc,2051
w_c390258,2052
w_97666c8,2053
w_cc699e6,2054
w_4368c9e,2055
w_2cde7c0,2056
w_f7bf28d,2057
w_67f61c7,2058
w_feab6f3,2059
w_6f211a9,2060
w_8ab8687,2061
w_e1f55ad,2062
w_55b1d69,2063
w_73b26b7,2064
w_5af463d,2065
w_cb2f78e,2066
w_4041a7b,2067
w_86431c7,2068
w_ebc870d,2069
w_0c93f94,2070
w_206742f,2071
w_01f8a43,2072
w_a5431ca,2073
w_216f61f,2074
w_02c9470,2075
w_1c3e5da,2076
w_76387b4,2077
w_abe383e,2078
w_c352046,2079
w_974c0ea,2080
w_f44277f,2081
w_adffd9c,2082
w_cc5fae7,2083
w_5d4facb,2084
w_84398be,2085
w_6572bbe,2086
w_85755f7,2087
w_1cd9331,2088
w_dace6e9,2089
w_6ac4f07,2090
w_59461a4,2091
w_d398969,2092
w_33032d1,2093
w_d6a3892,2094
w_c34afd7,2095
w_d0b237f,2096
w_8a7b9c8,2097
w_c01e25d,2098
w_0d60fdd,2099
w_8a438a4,2100
w_7234b3d,2101
w_aaafb64,2102
w_6a1198e,2103
w_5e25f9f,2104
w_b638c8f,2105
w_f099dc8,2106
w_4759be5,2107
w_24823e2,2108
w_6ae1eaf,2109
w_230a0de,2110
w_59866ca,2111
w_6ee7470,2112
w_e03755a,2113
w_ccb4adc,2114
w_f660d7d,2115
w_c0648b9,2116
w_47f29cd,2117
w_f2c9e07,2118
w_f438375,2119
w_5b672ea,2120
w_076c122,2121
w_d417748,2122
w_a3cd405,2123
w_b9e00eb,2124
w_d4a27fb,2125
w_77166cc,2126
w_a13ada3,2127
w_136337c,2128
w_2cca6a1,2129
w_7bf3a5c,2130
w_f014da3,2131
w_cc759cd,2132
w_23b9dcb,2133
w_c3d523d,2134
w_49ae15d,2135
w_e7f8e67,2136
w_1c30ba6,2137
w_d62128e,2138
w_65c80dd,2139
w_1d4f970,2140
w_797e546,2141
w_28fa29e,2142
w_d428980,2143
w_8575984,2144
w_8f6b207,2145
w_0a58a06,2146
w_0c45f5e,2147
w_23526cb,2148
w_6a87d0d,2149
w_1000f90,2150
w_a5deba3,2151
w_651cbb7,2152
w_8cb7c5e,2153
w_fa8b1ac,2154
w_4b04829,2155
w_899f659,2156
w_b9e0ae0,2157
w_cd4b506,2158
w_fb89186,2159
w_79071e8,2160
w_51652ee,2161
w_ba2f2c4,2162
w_8a31e6c,2163
w_76c2a95,2164
w_1127c35,2165
w_ef52dd3,2166
w_addcafa,2167
w_97e7648,2168
w_6d4dedc,2169
w_3d187b5,2170
w_31b020c,2171
w_98b86d9,2172
w_6abc013,2173
w_7f999ff,2174
w_be1f35d,2175
w_bc76fde,2176
w_a190b3b,2177
w_9ac8b97,2178
w_59db39b,2179
w_8ea1699,2180
w_94c6edb,2181
w_cf092f5,2182
w_b329c00,2183
w_102ab59,2184
w_4f248f3,2185
w_85b0d73,2186
w_3f550fa,2187
w_de51d16,2188
w_09f9fd3,2189
w_3a7d86d,2190
w_badfc4b,2191
w_8bdd984,2192
w_c529cf1,2193
w_6635a97,2194
w_3b8b9c7,2195
w_3d3c0f9,2196
w_048f7a9,2197
w_6f504c0,2198
w_2fdee7b,2199
w_afef556,2200
w_3bb210a,2201
w_64a51a4,2202
w_c133ea8,2203
w_a0838d1,2204
w_3698eaf,2205
w_7f199c6,2206
w_a11d17e,2207
w_2a04ceb,2208
w_fb99d39,2209
w_b99edea,2210
w_4848a3c,2211
w_16d2ae2,2212
w_ad3dd0b,2213
w_9a0c14d,2214
w_4f51037,2215
w_b648329,2216
w_afbc150,2217
w_97e9f7f,2218
w_3b3b9b2,2219
w_92b35ca,2220
w_ff1b64c,2221
w_07fea3d,2222
w_15db29f,2223
w_6734e40,2224
w_1911cbb,2225
w_1a9a38e,2226
w_db5cc79,2227
w_be32bec,2228
w_fb72090,2229
w_5d96ba4,2230
w_7a8ce5a,2231
w_9d704ab,2232
w_814a588,2233
w_44cb3ee,2234
w_a687e28,2235
w_9c449e2,2236
w_03a2ed7,2237
w_d20befa,2238
w_e57b3ce,2239
w_56b9dcd,2240
w_e9ffbe9,2241
w_d7760f0,2242
w_8044362,2243
w_532e2cc,2244
w_3fcb80e,2245
w_86e5d8c,2246
w_2ffed9c,2247
w_e08089e,2248
w_7632107,2249
w_c4f3619,2250
w_f714476,2251
w_8ebbe56,2252
w_e964ae8,2253
w_e42c624,2254
w_cd1f1ed,2255
w_309a2b3,2256
w_bdfd16e,2257
w_4142305,2258
w_96d9eaf,2259
w_fd6e8d2,2260
w_1d37fb6,2261
w_69df882,2262
w_bf31e4a,2263
w_fb270f3,2264
w_d1eab36,2265
w_c1b685f,2266
w_5982299,2267
w_008c602,2268
w_41da937,2269
w_7778174,2270
w_d915632,2271
w_fd628f1,2272
w_a074c7e,2273
w_92c6140,2274
w_5e57e8b,2275
w_9e4a26f,2276
w_9321960,2277
w_72a1cd8,2278
w_ae07541,2279
w_c4923b6,2280
w_68fb716,2281
w_4403803,2282
w_eab49b7,2283
w_ef89416,2284
w_e59294d,2285
w_7914111,2286
w_893e77a,2287
w_108670b,2288
w_05ec84e,2289
w_29fc831,2290
w_1703ee5,2291
w_c1e8594,2292
w_77d2aea,2293
w_242a05d,2294
w_530f87b,2295
w_58a2388,2296
w_4a7080a,2297
w_2168ae2,2298
w_4195fc3,2299
w_48dd419,2300
w_06f0fd3,2301
w_4b33077,2302
w_285da1a,2303
w_cd04e1c,2304
w_e84ca75,2305
w_fb7a56b,2306
w_68b47a1,2307
w_6737f89,2308
w_c74ab24,2309
w_4ae36a5,2310
w_8e92130,2311
w_4cba6b2,2312
w_c27d036,2313
w_3f754d6,2314
w_625a6a9,2315
w_bbc2a14,2316
w_7214e98,2317
w_961ba76,2318
w_3664a22,2319
w_a7202e1,2320
w_c17a537,2321
w_56f2b1e,2322
w_6e120c4,2323
w_338d945,2324
w_376a413,2325
w_1aa512b,2326
w_235b156,2327
w_df309be,2328
w_f10006a,2329
w_381c6aa,2330
w_70b4610,2331
w_156c0db,2332
w_14970b4,2333
w_6dbb861,2334
w_11b993a,2335
w_02e5407,2336
w_f115d53,2337
w_826eb44,2338
w_e449d3a,2339
w_8cc9b05,2340
w_788b689,2341
w_27736a0,2342
w_e6b3dd4,2343
w_c708dc7,2344
w_d80e1bc,2345
w_bd65ef8,2346
w_542f8ca,2347
w_f104523,2348
w_2a32d3d,2349
w_44fc081,2350
w_ffda8b2,2351
w_f6fb689,2352
w_20f86e1,2353
w_1905c66,2354
w_944f496,2355
w_3ee3d16,2356
w_e548eb7,2357
w_e6d3a57,2358
w_df092eb,2359
w_402784d,2360
w_6ddff9b,2361
w_e147c40,2362
w_cd65880,2363
w_53549df,2364
w_7179c98,2365
w_97493dd,2366
w_f054e7a,2367
w_5575c58,2368
w_89973e5,2369
w_aff0877,2370
w_a8990f1,2371
w_e4e6f5b,2372
w_7923fdc,2373
w_8717ef3,2374
w_ca55545,2375
w_1b1c4f1,2376
w_556e001,2377
w_d782e1b,2378
w_1b6d171,2379
w_1a9f141,2380
w_f0f0dbb,2381
w_7427ace,2382
w_78ba632,2383
w_524f51e,2384
w_1b6d34d,2385
w_e09e886,2386
w_d94db94,2387
w_0f20cbc,2388
w_a966a67,2389
w_33e7def,2390
w_93dcf76,2391
w_1a4ae2c,2392
w_fe6f08d,2393
w_20e863f,2394
w_507e610,2395
w_f33b12b,2396
w_5ffa454,2397
w_e8c4623,2398
w_6418af0,2399
w_c0bb183,2400
w_ab9fa59,2401
w_6918155,2402
w_e21043a,2403
w_219e33c,2404
w_c2474a2,2405
w_37f17ad,2406
w_4a0c105,2407
w_fb2c3fb,2408
w_a43fcbb,2409
w_93bf5f4,2410
w_3a78626,2411
w_498bf0d,2412
w_c6372b8,2413
w_ed8a846,2414
w_8bc853a,2415
w_38ef4a3,2416
w_650bd05,2417
w_83accca,2418
w_1dd8e68,2419
w_b001dbe,2420
w_f774c8b,2421
w_f12415b,2422
w_125ba17,2423
w_74adf0b,2424
w_872a86c,2425
w_da64f8d,2426
w_026fdf8,2427
w_1cca86d,2428
w_7f81ba5,2429
w_ead5d70,2430
w_c9dc73e,2431
w_42f935c,2432
w_895c722,2433
w_70db0f2,2434
w_f5a2610,2435
w_373593e,2436
w_86113c4,2437
w_ab039e2,2438
w_8a2e496,2439
w_7459706,2440
w_372ae75,2441
w_0b4429c,2442
w_6c3d086,2443
w_7c18f3c,2444
w_5f84b1a,2445
w_9868b95,2446
w_7eb2c7c,2447
w_eaeb1f0,2448
w_5f8c5d3,2449
w_6611a71,2450
w_1e1a051,2451
w_e33bb21,2452
w_3fe1eb9,2453
w_fd6f24f,2454
w_403f92f,2455
w_0ae998f,2456
w_697c72e,2457
w_2870b33,2458
w_f8d2cd9,2459
w_b9f5b8b,2460
w_04feee0,2461
w_70e49bc,2462
w_6ef68ed,2463
w_e2ddc60,2464
w_5fda054,2465
w_e700deb,2466
w_17964ef,2467
w_ee94c57,2468
w_44f0fa2,2469
w_896d91c,2470
w_4072313,2471
w_a3c6ed0,2472
w_46540b1,2473
w_05567a9,2474
w_80c692d,2475
w_f6722e7,2476
w_09e0cbf,2477
w_0b7cc25,2478
w_0729d71,2479
w_e62680c,2480
w_6249f5d,2481
w_9bcb0f8,2482
w_61d516e,2483
w_d3ef4b2,2484
w_f68d0af,2485
w_2b0028d,2486
w_d1b90d2,2487
w_72d5b6c,2488
w_d6856ab,2489
w_a80620a,2490
w_e8778ce,2491
w_1a29ba5,2492
w_3aa1da4,2493
w_db474c7,2494
w_5c0e858,2495
w_3411b9f,2496
w_97768ee,2497
w_50d2084,2498
w_429e9ad,2499
w_49c640f,2500
w_ec853f1,2501
w_d4eb9ed,2502
w_fa69bb8,2503
w_e3b3ade,2504
w_a24f581,2505
w_57c8da9,2506
w_5059889,2507
w_e7f03cf,2508
w_1ec0481,2509
w_9dc6e7f,2510
w_6cef37c,2511
w_beab972,2512
w_e282300,2513
w_c6439b8,2514
w_c26b92a,2515
w_3026ce2,2516
w_a155149,2517
w_cce0444,2518
w_718bffc,2519
w_613f90d,2520
w_72dfe51,2521
w_9eeb05c,2522
w_1e75406,2523
w_463b450,2524
w_3039e7a,2525
w_120927e,2526
w_6f2ae72,2527
w_dfafffd,2528
w_e45da8c,2529
w_4432150,2530
w_78a4639,2531
w_9de3195,2532
w_eac205a,2533
w_441bd21,2534
w_1908442,2535
w_1539fee,2536
w_2466659,2537
w_46ec664,2538
w_ef6e6a9,2539
w_1a536b2,2540
w_47c5b29,2541
w_78999a6,2542
w_dd27188,2543
w_a779e16,2544
w_ea2385d,2545
w_318e1d2,2546
w_a26a029,2547
w_9f27ca9,2548
w_b793570,2549
w_2c1dafa,2550
w_f70f725,2551
w_b80a9c5,2552
w_e7a2780,2553
w_4e7e512,2554
w_17e8554,2555
w_4b18498,2556
w_dff2982,2557
w_430766d,2558
w_b454f70,2559
w_cbedcb0,2560
w_056be75,2561
w_34c8690,2562
w_8c51d17,2563
w_19aeb9c,2564
w_d1033fa,2565
w_0970c7f,2566
w_8c1dab2,2567
w_960b6f0,2568
w_9a5cd8e,2569
w_d09e61a,2570
w_cdda58e,2571
w_98b57a1,2572
w_91e06de,2573
w_288e40b,2574
w_aef3680,2575
w_f178867,2576
w_4790f64,2577
w_0a91f24,2578
w_096bc48,2579
w_facffea,2580
w_38efc2d,2581
w_2222ef0,2582
w_d937660,2583
w_157ba16,2584
w_dd393cb,2585
w_7c9fd46,2586
w_0ebd514,2587
w_aca9607,2588
w_2386a5a,2589
w_8a0192f,2590
w_a6e8d03,2591
w_c0c1a30,2592
w_a365757,2593
w_9c383c8,2594
w_abc2eda,2595
w_28cd742,2596
w_fd698a3,2597
w_0f49f09,2598
w_61fbb66,2599
w_c1c73c0,2600
w_82ec5f0,2601
w_7852bd1,2602
w_acc67ea,2603
w_ca813c2,2604
w_3b016f0,2605
w_488cdd8,2606
w_711d58c,2607
w_bc18612,2608
w_91a96d8,2609
w_f0af1f8,2610
w_2663598,2611
w_3c27f42,2612
w_ac87f37,2613
w_4b16688,2614
w_38de842,2615
w_84a13d3,2616
w_4408e45,2617
w_a7f3698,2618
w_fb2b2c2,2619
w_01a4234,2620
w_f48b91b,2621
w_d306246,2622
w_20eb13c,2623
w_23d3b1c,2624
w_e0c6ead,2625
w_e101deb,2626
w_9dfbd27,2627
w_8fd5636,2628
w_1fc874a,2629
w_4c2d259,2630
w_c4c8491,2631
w_0981144,2632
w_1a2b4f2,2633
w_b6ed5d2,2634
w_e0e5c9e,2635
w_f852d15,2636
w_f75302f,2637
w_6dd7c3d,2638
w_8971f1d,2639
w_1392cde,2640
w_94ba67d,2641
w_53476b2,2642
w_e3b236d,2643
w_964c1b3,2644
w_1a4f16e,2645
w_a31635b,2646
w_82ed7a7,2647
w_305ed07,2648
w_b47a4a1,2649
w_97da401,2650
w_ea4935f,2651
w_4dfe7cb,2652
w_fa121c9,2653
w_211aa88,2654
w_e603cc5,2655
w_2a9727c,2656
w_7b0fb1d,2657
w_a4f1419,2658
w_88f693b,2659
w_2581f2e,2660
w_6a3210a,2661
w_5c32d2a,2662
w_d84e006,2663
w_4fcfa4d,2664
w_8c618e1,2665
w_ca27f31,2666
w_aa67f17,2667
w_5f0960c,2668
w_7417b12,2669
w_064ab78,2670
w_dd2bd69,2671
w_fe19618,2672
w_997582c,2673
w_a5f7fce,2674
w_37307c4,2675
w_d2b4956,2676
w_9f3e4f4,2677
w_88d11b1,2678
w_153645e,2679
w_c45bfc3,2680
w_900f9eb,2681
w_6a2c07f,2682
w_d1b13bb,2683
w_389c788,2684
w_075aa6e,2685
w_759b647,2686
w_ba4cd1a,2687
w_7586198,2688
w_3222bdb,2689
w_4bf5cf7,2690
w_d1933be,2691
w_bd43538,2692
w_0ea2545,2693
w_4c4c001,2694
w_ca5abbb,2695
w_616ca36,2696
w_f0fc693,2697
w_c80d300,2698
w_53baa9b,2699
w_5a5c560,2700
w_f0a2e40,2701
w_3ac13d2,2702
w_bbf58a9,2703
w_4f6c7e0,2704
w_06ff732,2705
w_2739d94,2706
w_73bed18,2707
w_f79563e,2708
w_3c304db,2709
w_bd6e2dd,2710
w_17a3581,2711
w_c55c9cd,2712
w_0013924,2713
w_cc504e7,2714
w_073f071,2715
w_6ddbb81,2716
w_33c8db8,2717
w_d430a78,2718
w_0aae8c1,2719
w_d984eb7,2720
w_acff672,2721
w_5374a4c,2722
w_7cc620b,2723
w_816d344,2724
w_a5ab9d1,2725
w_ddf0c2c,2726
w_be3c0f5,2727
w_2687f1b,2728
w_ad370e1,2729
w_c690728,2730
w_6598219,2731
w_5b45503,2732
w_b1c44fe,2733
w_c6b5519,2734
w_9ba1eee,2735
w_8c2de31,2736
w_beb62cc,2737
w_3572e7e,2738
w_5014d6c,2739
w_01687a8,2740
w_8d5ede1,2741
w_22f0a7d,2742
w_e64c9a6,2743
w_976a54b,2744
w_a2f02c0,2745
w_2eabd5a,2746
w_496c4f0,2747
w_b952580,2748
w_35b01a5,2749
w_4cff2f8,2750
w_48f0410,2751
w_64433af,2752
w_864be50,2753
w_b2ba967,2754
w_7a3a328,2755
w_5c23454,2756
w_599d0df,2757
w_ebf9290,2758
w_2e4df76,2759
w_c71115a,2760
w_d6fdb03,2761
w_528e753,2762
w_4620de1,2763
w_03fcd5d,2764
w_aa9b995,2765
w_83df8d5,2766
w_27fc5d3,2767
w_ea99623,2768
w_2fd79c1,2769
w_d9adb4f,2770
w_a33e1c3,2771
w_ea6651e,2772
w_0dbfc31,2773
w_48a5b86,2774
w_2fd73d9,2775
w_39f2064,2776
w_b280692,2777
w_3c7b2e6,2778
w_8d3b8b6,2779
w_147b62b,2780
w_78f64d1,2781
w_5646ae9,2782
w_4cc3219,2783
w_6384242,2784
w_3dd89d0,2785
w_8d91f88,2786
w_f1457b5,2787
w_d775542,2788
w_6ce20f3,2789
w_552ec4e,2790
w_5deefd9,2791
w_a0149f9,2792
w_e0cb9c5,2793
w_f5eb6c6,2794
w_52b06b1,2795
w_95dd5d2,2796
w_2db01d5,2797
w_42ab867,2798
w_452f14f,2799
w_b8fdb8e,2800
w_5f215db,2801
w_6da177a,2802
w_2f97ce6,2803
w_a14d6d8,2804
w_ec95acb,2805
w_19c29aa,2806
w_2111212,2807
w_3349c9d,2808
w_9136f33,2809
w_b197b5c,2810
w_ad512ec,2811
w_0fecdf7,2812
w_ad1d93b,2813
w_fdc8bf6,2814
w_5f54bf3,2815
w_e6f746e,2816
w_fc622c0,2817
w_2554558,2818
w_c98f439,2819
w_e5c4335,2820
w_479cb36,2821
w_83b5e33,2822
w_b624ed1,2823
w_7e49f1e,2824
w_b283b00,2825
w_1aa0526,2826
w_96ba432,2827
w_bde9c34,2828
w_ce29d2a,2829
w_2b8e175,2830
w_78b325d,2831
w_9448c34,2832
w_aa70bc3,2833
w_966e86e,2834
w_25808d2,2835
w_0bc1db0,2836
w_0674604,2837
w_fd1308e,2838
w_71cc46c,2839
w_93b64e9,2840
w_23b01a6,2841
w_13f8407,2842
w_34fd328,2843
w_3c0e79e,2844
w_8e3ebeb,2845
w_1161030,2846
w_f2eb971,2847
w_b38374a,2848
w_eeb5fa7,2849
w_36ac97f,2850
w_4c8cd1c,2851
w_dce3192,2852
w_3f904cf,2853
w_471ae98,2854
w_3461d6d,2855
w_dc7c5a0,2856
w_e8a9fb8,2857
w_3172910,2858
w_76048fe,2859
w_35ffe80,2860
w_f2a7635,2861
w_c7b05e7,2862
w_2963114,2863
w_0308405,2864
w_3e4bb3f,2865
w_9a2d56b,2866
w_aa15df6,2867
w_f4d89bb,2868
w_e5250e9,2869
w_24ad46c,2870
w_f8cf8ca,2871
w_428d61d,2872
w_6d3ca42,2873
w_6aa5e66,2874
w_b9cfdfe,2875
w_cbd271b,2876
w_91572bb,2877
w_f95ef7c,2878
w_f70bf4d,2879
w_7b770ec,2880
w_e430ce0,2881
w_060d2c8,2882
w_3580734,2883
w_6d2fe6f,2884
w_2b485a8,2885
w_68a3df0,2886
w_c774326,2887
w_f7e6199,2888
w_8244367,2889
w_941ca6a,2890
w_0fe48f3,2891
w_6121036,2892
w_accd48e,2893
w_8c605d2,2894
w_c1b3568,2895
w_80c5f01,2896
w_743209a,2897
w_51cdd4b,2898
w_8d4654f,2899
w_2482b4a,2900
w_ff2ca5c,2901
w_0dee306,2902
w_b7a3e0a,2903
w_a8bc2bc,2904
w_e94a3b2,2905
w_09d48d1,2906
w_f256b56,2907
w_ac49dc5,2908
w_3297a52,2909
w_598874c,2910
w_e44d512,2911
w_2356a6d,2912
w_b1a4f29,2913
w_479e3e5,2914
w_a3dbc8f,2915
w_19c005a,2916
w_dc4c2ba,2917
w_d33c2ed,2918
w_eb9ab29,2919
w_9a4bd76,2920
w_7b5a630,2921
w_109fd25,2922
w_5f5ef4e,2923
w_9288973,2924
w_38158d6,2925
w_e69cef0,2926
w_5cef366,2927
w_f207f7d,2928
w_cb8edf5,2929
w_735675e,2930
w_d4fa6f3,2931
w_52c1af6,2932
w_c5e6997,2933
w_d6e5334,2934
w_ba63af5,2935
w_41c0098,2936
w_bb6afc8,2937
w_573eb8f,2938
w_ebc5837,2939
w_2be1c9c,2940
w_af890ad,2941
w_8f593d4,2942
w_d465e44,2943
w_4a4546c,2944
w_a964291,2945
w_30cf2ca,2946
w_2c1634b,2947
w_33e0287,2948
w_2c0af5e,2949
w_4643de5,2950
w_7d9642c,2951
w_5dddfbe,2952
w_56ccad1,2953
w_1e4e7a4,2954
w_b61840c,2955
w_7139016,2956
w_8bcf29b,2957
w_19e8a2d,2958
w_b4a223d,2959
w_c829019,2960
w_cf25b86,2961
w_b69eb76,2962
w_5f0a14c,2963
w_5317c46,2964
w_88cb2dd,2965
w_06c470d,2966
w_482d9d6,2967
w_2b0fc31,2968
w_86b3f04,2969
w_3dd210a,2970
w_5a8e397,2971
w_c90feaa,2972
w_dee1df3,2973
w_31446aa,2974
w_19eb1b8,2975
w_cea99fe,2976
w_203e9d5,2977
w_800034f,2978
w_0f73c3c,2979
w_2039053,2980
w_b170173,2981
w_06fd726,2982
w_636638f,2983
w_4785de7,2984
w_9741f42,2985
w_7158e92,2986
w_6e7262e,2987
w_d94c323,2988
w_5bc5fc1,2989
w_5e43abb,2990
w_bc5f0f5,2991
w_dad23fa,2992
w_d0cecd5,2993
w_29f00ae,2994
w_0b4bd89,2995
w_8201c3f,2996
w_024358d,2997
w_cc8241b,2998
w_295b96c,2999
w_fcff830,3000
w_daa4876,3001
w_419d308,3002
w_8e92baa,3003
w_1b224c1,3004
w_5fcee47,3005
w_0c883eb,3006
w_cc3a724,3007
w_d88da6d,3008
w_1875b28,3009
w_4e11add,3010
w_9ab6e50,3011
w_591db29,3012
w_4435e82,3013
w_a4b6a86,3014
w_38efce7,3015
w_941581c,3016
w_05b2ddd,3017
w_9927328,3018
w_2c46a73,3019
w_e863419,3020
w_c551c9d,3021
w_3c8eab1,3022
w_20c671c,3023
w_6375873,3024
w_aafa5b5,3025
w_c22307d,3026
w_dd66cf9,3027
w_25067c8,3028
w_8c9ed42,3029
w_b7f2cde,3030
w_adc62bc,3031
w_f4224b9,3032
w_84feae3,3033
w_dcf1fd1,3034
w_fccb97a,3035
w_515d21d,3036
w_9cb2dba,3037
w_7e1521a,3038
w_3ed4763,3039
w_f188f95,3040
w_6549107,3041
w_9548fcf,3042
w_1638016,3043
w_d3ab153,3044
w_04c841c,3045
w_6f2de72,3046
w_acbc912,3047
w_6de53d1,3048
w_c94f464,3049
w_ca3bb23,3050
w_27633c3,3051
w_e4c8d6d,3052
w_3b02089,3053
w_7292419,3054
w_fe6617a,3055
w_6768b8c,3056
w_5c13154,3057
w_91f80eb,3058
w_9287bbb,3059
w_d148982,3060
w_84f9c41,3061
w_4c8244d,3062
w_6f40f26,3063
w_735d8a4,3064
w_f37508c,3065
w_1f0da94,3066
w_e8ba2d8,3067
w_87fc163,3068
w_251ee17,3069
w_af98182,3070
w_afd55ad,3071
w_6b3402d,3072
w_7e93962,3073
w_b5d8846,3074
w_c3684ba,3075
w_395d578,3076
w_a3868fb,3077
w_f9038ed,3078
w_88e679c,3079
w_6c9a524,3080
w_a4d41b4,3081
w_3063bf4,3082
w_23e4e61,3083
w_def505e,3084
w_e6ced04,3085
w_d1d8f98,3086
w_5f8b9b9,3087
w_4f94f26,3088
w_c429c2a,3089
w_ba56291,3090
w_a0c378c,3091
w_0824736,3092
w_91e86c4,3093
w_b71eab2,3094
w_050d056,3095
w_905d41b,3096
w_da9f45c,3097
w_777f59a,3098
w_e6d0696,3099
w_21b3754,3100
w_6a3ca27,3101
w_c915956,3102
w_f6c23d5,3103
w_d5f0261,3104
w_0f00e71,3105
w_fdcfcea,3106
w_38bcd3e,3107
w_518129a,3108
w_ef1517b,3109
w_6c05e3b,3110
w_d8421c1,3111
w_f5915b0,3112
w_93f1362,3113
w_62aed54,3114
w_2196938,3115
w_d52bc74,3116
w_37374fa,3117
w_24212f5,3118
w_7879ee1,3119
w_43340c5,3120
w_9872479,3121
w_d775c6f,3122
w_41a79d7,3123
w_89c65ac,3124
w_93a4f60,3125
w_3326396,3126
w_214c09a,3127
w_b0e6fbe,3128
w_4e03f66,3129
w_f1177c9,3130
w_9a8684f,3131
w_d2f081f,3132
w_731e3aa,3133
w_adc6e1b,3134
w_8643ba3,3135
w_eb9027d,3136
w_54cd8e0,3137
w_2d25d1f,3138
w_703e39b,3139
w_7de72c5,3140
w_4ebeafb,3141
w_98dcedd,3142
w_477ccf5,3143
w_c57623d,3144
w_aeaeeb5,3145
w_1add6ae,3146
w_fad83c7,3147
w_8a00b09,3148
w_ba332ae,3149
w_de5b417,3150
w_2669d75,3151
w_ca8bfb4,3152
w_4e8f84d,3153
w_db9e932,3154
w_556df30,3155
w_fec6413,3156
w_c87c10b,3157
w_74207f0,3158
w_b46bd60,3159
w_72c15c4,3160
w_2d2d7fe,3161
w_6cec53c,3162
w_ab39440,3163
w_d642d4e,3164
w_7538a4c,3165
w_62d76c2,3166
w_e6ddbd5,3167
w_060bdf2,3168
w_c3aaa3a,3169
w_1f00cb7,3170
w_063d82f,3171
w_cacfe12,3172
w_b693f13,3173
w_b932b22,3174
w_6b2995b,3175
w_b089088,3176
w_0fa8587,3177
w_895007f,3178
w_46193da,3179
w_6df35bf,3180
w_29cf24b,3181
w_49308df,3182
w_408c5a7,3183
w_da1cc7a,3184
w_7294a6a,3185
w_3e9d82e,3186
w_35d4d83,3187
w_39b22d9,3188
w_8c961a3,3189
w_67c1b6f,3190
w_5d0a13f,3191
w_2855124,3192
w_22da5b6,3193
w_65ec378,3194
w_0e32aa2,3195
w_fd9264d,3196
w_f843c4d,3197
w_a1114ee,3198
w_5e3d9d0,3199
w_c9abb54,3200
w_030294d,3201
w_9f718e8,3202
w_9412d1b,3203
w_a2633d4,3204
w_56ddb00,3205
w_cef1b93,3206
w_7ed55c4,3207
w_2d09595,3208
w_38a3f72,3209
w_9845f16,3210
w_d26cc27,3211
w_0ac9006,3212
w_1b67a2e,3213
w_b6e6392,3214
w_2ac83b0,3215
w_0df2bde,3216
w_83f0b3f,3217
w_934736d,3218
w_ace34dc,3219
w_668ff55,3220
w_865c2ba,3221
w_d3861a1,3222
w_8fec0dd,3223
w_015e3cf,3224
w_d1ffed1,3225
w_933f65c,3226
w_7e8305f,3227
w_263e243,3228
w_3c0bbac,3229
w_79c30e7,3230
w_8b1cd49,3231
w_f4c78e5,3232
w_771374c,3233
w_24a2923,3234
w_06a6351,3235
w_b6d4901,3236
w_2cb8996,3237
w_5eb0ca9,3238
w_8601045,3239
w_2b1e2f5,3240
w_ee24bac,3241
w_20548a7,3242
w_2957331,3243
w_01e1223,3244
w_5a6bf1f,3245
w_6affb63,3246
w_37523b2,3247
w_2af3059,3248
w_fc61767,3249
w_d40f276,3250
w_4da05cc,3251
w_8238d51,3252
w_97982cf,3253
w_187e235,3254
w_a93c8f9,3255
w_3c3267c,3256
w_a400ddd,3257
w_90a743c,3258
w_f81e77a,3259
w_30660bc,3260
w_3608443,3261
w_655efb0,3262
w_8c408dc,3263
w_49a7077,3264
w_43eea34,3265
w_24bdae3,3266
w_52eecb4,3267
w_c280a12,3268
w_794effc,3269
w_3c3c632,3270
w_272259b,3271
w_1ddb63f,3272
w_b1c5e71,3273
w_c0287a9,3274
w_3355365,3275
w_dbd28fa,3276
w_1698c29,3277
w_cb05f37,3278
w_81ff1c5,3279
w_279b255,3280
w_3e02970,3281
w_0bd3671,3282
w_fab0a22,3283
w_8719b04,3284
w_91faa95,3285
w_cdc21df,3286
w_c7efb86,3287
w_a700fc9,3288
w_8e55648,3289
w_37223f9,3290
w_3549f7a,3291
w_66a03d3,3292
w_0bbb3de,3293
w_8dddd45,3294
w_cbfbeb4,3295
w_593485f,3296
w_626ef9f,3297
w_1f6e1db,3298
w_2cadad2,3299
w_efbb71a,3300
w_4a4bb3f,3301
w_972f231,3302
w_16ea0b2,3303
w_0dac526,3304
w_c39c56e,3305
w_46b211d,3306
w_f544197,3307
w_77ee0be,3308
w_19e5d10,3309
w_2bba8c8,3310
w_8376b7e,3311
w_89ee7c1,3312
w_1ae1386,3313
w_3e6a161,3314
w_3166a4d,3315
w_684ca15,3316
w_c6823b1,3317
w_9e862ac,3318
w_9205d40,3319
w_b2aa351,3320
w_413057d,3321
w_ac8329d,3322
w_45e8ea5,3323
w_23cd105,3324
w_1addcc2,3325
w_a71b714,3326
w_bf8c3d2,3327
w_6315bc6,3328
w_0729511,3329
w_3e57104,3330
w_35f0fd9,3331
w_d7b85ec,3332
w_01d6ca0,3333
w_ba5336c,3334
w_15d1235,3335
w_136ab04,3336
w_cc60002,3337
w_3bc8a47,3338
w_a35191f,3339
w_1f2a32a,3340
w_2c55303,3341
w_ac05864,3342
w_ff2c4a4,3343
w_2018f6c,3344
w_3061bdd,3345
w_70db713,3346
w_c9dfa13,3347
w_679f2eb,3348
w_3ce788a,3349
w_daf162a,3350
w_449e238,3351
w_8392ae9,3352
w_38e088a,3353
w_9236aac,3354
w_70daaba,3355
w_a528ab1,3356
w_6443ad1,3357
w_7029235,3358
w_9ff699b,3359
w_dd52cfc,3360
w_4c3cd83,3361
w_e64ad53,3362
w_32d99b4,3363
w_7d2d70c,3364
w_1a62e1f,3365
w_36b6904,3366
w_3b89846,3367
w_bb2c317,3368
w_a3a65b3,3369
w_c90c37a,3370
w_f3bd33a,3371
w_ba0366f,3372
w_fa473e6,3373
w_4953ce7,3374
w_a8458c8,3375
w_397e3db,3376
w_e00a916,3377
w_ec79861,3378
w_49bb827,3379
w_61ffd2c,3380
w_bc3fd54,3381
w_4103f39,3382
w_8b5885d,3383
w_b08520c,3384
w_1772ed2,3385
w_5824675,3386
w_014a645,3387
w_db2c158,3388
w_79b12d8,3389
w_142402e,3390
w_ba92e42,3391
w_ab4f3dd,3392
w_c3f9618,3393
w_b55242e,3394
w_89154d2,3395
w_223cebd,3396
w_be0fefb,3397
w_a350727,3398
w_c9111ac,3399
w_f98d12b,3400
w_9aeb18f,3401
w_675e8e9,3402
w_4dceacc,3403
w_0fc4835,3404
w_3090f78,3405
w_85cdd9b,3406
w_612f4a2,3407
w_32401f6,3408
w_7b4a658,3409
w_c61ed17,3410
w_8d88c82,3411
w_3050553,3412
w_0bfb109,3413
w_fe2aa66,3414
w_56743d6,3415
w_7fc15e6,3416
w_977d881,3417
w_2e27b77,3418
w_4457d27,3419
w_03ed3de,3420
w_d32adcd,3421
w_f6e5eca,3422
w_5438813,3423
w_de2ff33,3424
w_7142b19,3425
w_fd94a56,3426
w_ec67c71,3427
w_8b2cc42,3428
w_40a8760,3429
w_397cb24,3430
w_fc67b72,3431
w_1d970c9,3432
w_c6f1bff,3433
w_0c8a724,3434
w_458f0aa,3435
w_ea9b531,3436
w_b067417,3437
w_dad56c9,3438
w_62f299e,3439
w_5bdb7c2,3440
w_ddf3c52,3441
w_0faef4d,3442
w_8cba529,3443
w_9d83b4d,3444
w_4759df3,3445
w_55ce558,3446
w_9b6d597,3447
w_d33592e,3448
w_49f3a91,3449
w_018bc64,3450
w_ff39e03,3451
w_3e5069e,3452
w_b75f378,3453
w_e5893cb,3454
w_62ec01b,3455
w_8309df3,3456
w_592782d,3457
w_b618751,3458
w_e57b487,3459
w_85f9040,3460
w_e41fd4f,3461
w_2ea9744,3462
w_31980d6,3463
w_5b8f282,3464
w_8ec2960,3465
w_493c000,3466
w_905bf30,3467
w_f3b63ba,3468
w_3ff6029,3469
w_f71bac2,3470
w_5d8c038,3471
w_fbce8b4,3472
w_58087ce,3473
w_f022f78,3474
w_69a9f72,3475
w_0526c04,3476
w_3e26a99,3477
w_41cd8bc,3478
w_871e32e,3479
w_326e389,3480
w_41ec10a,3481
w_db7e2c5,3482
w_0467840,3483
w_6e7b28b,3484
w_a5c5f2d,3485
w_c179af9,3486
w_7b442c4,3487
w_8957420,3488
w_52c8684,3489
w_76390b4,3490
w_984a3fa,3491
w_ed69e9c,3492
w_b96c08e,3493
w_d95069e,3494
w_a8da4a3,3495
w_e7aa703,3496
w_842623c,3497
w_001ebbc,3498
w_c63fdb6,3499
w_ac69cf7,3500
w_af6c7e2,3501
w_b5dd5bc,3502
w_029013f,3503
w_3fa2cb1,3504
w_33e89be,3505
w_0f2f6e6,3506
w_07274b2,3507
w_5bc5e63,3508
w_3cfeb1a,3509
w_cff28c4,3510
w_434195c,3511
w_35eb420,3512
w_c2a602a,3513
w_f932abc,3514
w_414a0d7,3515
w_cda5d6e,3516
w_d4119a7,3517
w_44edba9,3518
w_f2b8caf,3519
w_02b775b,3520
w_798bf53,3521
w_2f07b15,3522
w_e39dcea,3523
w_103488f,3524
w_bb37d93,3525
w_be9bf14,3526
w_c01beb7,3527
w_f672e01,3528
w_9122e43,3529
w_c027e4e,3530
w_e93d181,3531
w_4fe4078,3532
w_2cdf820,3533
w_fbbc8ba,3534
w_9378098,3535
w_ed0c4cc,3536
w_5f2b407,3537
w_92c7ace,3538
w_32475a1,3539
w_200a203,3540
w_d080f35,3541
w_94e071d,3542
w_69e1d0a,3543
w_694c109,3544
w_9564830,3545
w_8a98ddb,3546
w_059e347,3547
w_314d77b,3548
w_790c2aa,3549
w_ac851eb,3550
w_f008d2b,3551
w_03b5e9a,3552
w_707a3c3,3553
w_1c3cecd,3554
w_98f0e93,3555
w_5797d05,3556
w_2168906,3557
w_15eae33,3558
w_db9dd51,3559
w_16e3c6b,3560
w_dfcf7fe,3561
w_544d0c1,3562
w_23d3818,3563
w_b2b073b,3564
w_24ac53d,3565
w_1eff98a,3566
w_b6d09e6,3567
w_c8126db,3568
w_002dc11,3569
w_2dcbf82,3570
w_2881995,3571
w_600faae,3572
w_4de83f9,3573
w_f843a8d,3574
w_d4251cb,3575
w_98ab48e,3576
w_5dfafa5,3577
w_1aea445,3578
w_0da6f67,3579
w_e90c89f,3580
w_f4ac89a,3581
w_fae2cb6,3582
w_e10dff3,3583
w_931ade2,3584
w_ffdab7a,3585
w_302c025,3586
w_d78513b,3587
w_b0aabf9,3588
w_ff5538f,3589
w_6c8601e,3590
w_d49402a,3591
w_94f8d37,3592
w_e88388a,3593
w_ef67a6c,3594
w_d249ed6,3595
w_f763429,3596
w_553bb6e,3597
w_9605bf1,3598
w_3de676c,3599
w_979a6ef,3600
w_80245ee,3601
w_7875b79,3602
w_a89920b,3603
w_068f5bd,3604
w_57304ba,3605
w_1efd2a9,3606
w_10bea88,3607
w_058547a,3608
w_4378542,3609
w_7637760,3610
w_82e0d98,3611
w_bda2856,3612
w_56f9abb,3613
w_0d2dc7e,3614
w_aa64cc1,3615
w_6ab7b53,3616
w_de73d45,3617
w_ef7cdd5,3618
w_449503f,3619
w_a4678de,3620
w_0378699,3621
w_0408054,3622
w_a2660fd,3623
w_0103030,3624
w_5f4d992,3625
w_e34abbe,3626
w_00c4901,3627
w_d11c53b,3628
w_1af5d59,3629
w_becdfdc,3630
w_b440303,3631
w_63d5016,3632
w_22bcbd6,3633
w_c583383,3634
w_dea70b3,3635
w_410fb0a,3636
w_034a3fd,3637
w_83034c7,3638
w_d175300,3639
w_18bd7b3,3640
w_5cb5e65,3641
w_078b0e7,3642
w_69185bb,3643
w_25ec80a,3644
w_8ba9abd,3645
w_a91600a,3646
w_39c7462,3647
w_013bbcf,3648
w_601b6d4,3649
w_9890432,3650
w_2941dd2,3651
w_d9f1ea6,3652
w_20848b7,3653
w_4f103de,3654
w_c02ac49,3655
w_dbb786d,3656
w_05ecba5,3657
w_2bb8c37,3658
w_b80d2cb,3659
w_7386509,3660
w_dba0cd8,3661
w_a38d1a3,3662
w_4af3e4e,3663
w_0ffc383,3664
w_373c114,3665
w_652e069,3666
w_900fab7,3667
w_fc15159,3668
w_6ae7a93,3669
w_33f5747,3670
w_3076d8c,3671
w_331df94,3672
w_2fdaa7f,3673
w_a3dfe32,3674
w_6c42496,3675
w_0600ecf,3676
w_3cbccb7,3677
w_a2f5cc0,3678
w_8f28757,3679
w_b922593,3680
w_cddb3f4,3681
w_395f5e7,3682
w_8861715,3683
w_e73c666,3684
w_3572b44,3685
w_4a3032d,3686
w_c39fceb,3687
w_11c504f,3688
w_1957ab8,3689
w_099c712,3690
w_8f49fdd,3691
w_d0b3293,3692
w_d676d44,3693
w_0ecff13,3694
w_49c9417,3695
w_9d65e55,3696
w_8f1946f,3697
w_07abdff,3698
w_f2b5de1,3699
w_cc54cee,3700
w_34a0eab,3701
w_7649712,3702
w_3e1bdd0,3703
w_0e40867,3704
w_9947243,3705
w_c3ff6f2,3706
w_d97d54c,3707
w_8166c79,3708
w_164cfff,3709
w_6c23fcc,3710
w_39d2684,3711
w_084d01c,3712
w_e613f12,3713
w_e8d0bac,3714
w_589b830,3715
w_406331a,3716
w_5f6fb4e,3717
w_47906dc,3718
w_d0874bb,3719
w_e2920e1,3720
w_c13b4e6,3721
w_55c9a3b,3722
w_1e9d5c7,3723
w_24fda6e,3724
w_8242022,3725
w_4e0eaa1,3726
w_53f48f6,3727
w_faf538a,3728
w_e4df90a,3729
w_c4c00ed,3730
w_98d4838,3731
w_0f9166e,3732
w_f3e948c,3733
w_799556e,3734
w_7e9e89f,3735
w_df834bf,3736
w_b1a1d43,3737
w_1d96560,3738
w_4a81594,3739
w_2f6e76c,3740
w_6e26345,3741
w_3650949,3742
w_a6a7dbf,3743
w_a31900f,3744
w_9a94e29,3745
w_ebb16ab,3746
w_d4c25b6,3747
w_5d6786e,3748
w_c124d29,3749
w_2a1d45c,3750
w_60d8778,3751
w_8a5ff14,3752
w_6f2309d,3753
w_58bca3c,3754
w_ded09c7,3755
w_893ccb4,3756
w_29d2cec,3757
w_c0323f5,3758
w_c9566b4,3759
w_108eb8b,3760
w_ccc8e31,3761
w_39a31a8,3762
w_7c979d9,3763
w_c20f21c,3764
w_dcf2001,3765
w_e3fbc27,3766
w_dd086b2,3767
w_6f2c662,3768
w_05e6ba7,3769
w_eb34c4d,3770
w_cc1f8bc,3771
w_36a853c,3772
w_8968506,3773
w_0f92544,3774
w_ec91e99,3775
w_0134192,3776
w_02cf46c,3777
w_def715a,3778
w_4f82020,3779
w_ae27ddc,3780
w_30dc5ce,3781
w_9dc4181,3782
w_3e1ccc9,3783
w_79185c2,3784
w_b738048,3785
w_5d06bc3,3786
w_660195e,3787
w_0d0ecfb,3788
w_ea96346,3789
w_0b3f313,3790
w_86cc90f,3791
w_6a78025,3792
w_80e649e,3793
w_b835ae1,3794
w_1235317,3795
w_7d19608,3796
w_0654dd9,3797
w_5d732da,3798
w_c07076c,3799
w_059ac60,3800
w_cb7d1b5,3801
w_b4151b7,3802
w_7e48479,3803
w_f8aacbd,3804
w_b5fc897,3805
w_7440549,3806
w_8861f65,3807
w_b7fe199,3808
w_e9592d4,3809
w_1606afc,3810
w_0e81e60,3811
w_b0fde68,3812
w_1fc14e9,3813
w_bf70a3f,3814
w_116a51f,3815
w_d9787aa,3816
w_ada188f,3817
w_988f6b3,3818
w_ed10a36,3819
w_6166c99,3820
w_8d9c6fc,3821
w_90f74ae,3822
w_6257bdf,3823
w_dbbe0d4,3824
w_0caa554,3825
w_3f43888,3826
w_8abcb09,3827
w_c8af414,3828
w_17cb04d,3829
w_57186e5,3830
w_53f79bc,3831
w_5bb7ae9,3832
w_4494645,3833
w_d635930,3834
w_d014794,3835
w_02d7dc8,3836
w_adb041c,3837
w_afed305,3838
w_4427216,3839
w_f334363,3840
w_7b5d0f0,3841
w_ea9a921,3842
w_64783fe,3843
w_66fb697,3844
w_ec02248,3845
w_8a997b8,3846
w_adeee48,3847
w_0e10dbe,3848
w_7a95674,3849
w_4225bb3,3850
w_a06bdc4,3851
w_1b1c32f,3852
w_70a31ce,3853
w_0156f27,3854
w_fab0b50,3855
w_1743d93,3856
w_248af0b,3857
w_f563449,3858
w_4e505cc,3859
w_f78c287,3860
w_d430a71,3861
w_ee22376,3862
w_bbe06a7,3863
w_ed3bd5b,3864
w_e2241ce,3865
w_c5d7c03,3866
w_0122d85,3867
w_4f217e3,3868
w_7d7d108,3869
w_4095207,3870
w_3eaef21,3871
w_e5edb40,3872
w_6863829,3873
w_bfaa83c,3874
w_785f62b,3875
w_2f1e886,3876
w_de4daff,3877
w_f801078,3878
w_c9eb806,3879
w_796eebc,3880
w_2ac6dd5,3881
w_9a6cbd9,3882
w_7f45825,3883
w_7f40920,3884
w_4bd8388,3885
w_2d1eb90,3886
w_d686541,3887
w_d889b6a,3888
w_42af75d,3889
w_7b1abbf,3890
w_a25d46c,3891
w_36eb0b1,3892
w_3331656,3893
w_964ce09,3894
w_1fb42f1,3895
w_b68d041,3896
w_af06773,3897
w_bc7e06a,3898
w_6b45921,3899
w_f0bb383,3900
w_6a2328a,3901
w_b67bfeb,3902
w_74257e8,3903
w_540bf45,3904
w_244bd92,3905
w_cf3a12e,3906
w_e249d94,3907
w_6e5b022,3908
w_133ecf4,3909
w_f6411ea,3910
w_9b3ed01,3911
w_67a3a92,3912
w_c6b1412,3913
w_5bc7e7f,3914
w_e840e4d,3915
w_6e20206,3916
w_3f0f6ba,3917
w_26f9f95,3918
w_df21074,3919
w_7b1eaa6,3920
w_6a4e5f2,3921
w_22d812d,3922
w_7600863,3923
w_585e948,3924
w_3f2a05c,3925
w_5fa315f,3926
w_0e25cf2,3927
w_ae92124,3928
w_97e63b3,3929
w_97eaa0e,3930
w_83cd92b,3931
w_5fc0120,3932
w_60ad873,3933
w_810c481,3934
w_1e674e6,3935
w_51df6ac,3936
w_9c8e377,3937
w_10ace22,3938
w_dd5df89,3939
w_2ef900c,3940
w_877e56e,3941
w_c5333e2,3942
w_80c4153,3943
w_999275d,3944
w_14ba846,3945
w_6d7c852,3946
w_76d84e2,3947
w_e5d6443,3948
w_469f571,3949
w_38f39ed,3950
w_74cde8b,3951
w_efaada7,3952
w_1d0e29a,3953
w_46a4137,3954
w_17370ba,3955
w_7351f46,3956
w_974ecab,3957
w_4dd966d,3958
w_5d0666e,3959
w_11138db,3960
w_fab740d,3961
w_1924883,3962
w_df22ff1,3963
w_17377c9,3964
w_2dd15d3,3965
w_bbc4e7c,3966
w_5470134,3967
w_656490c,3968
w_7ca11d6,3969
w_6554826,3970
w_6b851b1,3971
w_b856fc1,3972
w_d67071c,3973
w_015c991,3974
w_fdcdc2a,3975
w_f229b69,3976
w_06f85b2,3977
w_1e45a47,3978
w_b9df6da,3979
w_7240516,3980
w_2dce318,3981
w_4b950da,3982
w_7108f6d,3983
w_0ce3ccc,3984
w_ccbc782,3985
w_1e68ef5,3986
w_ca13d58,3987
w_e7e1bd1,3988
w_8b9672e,3989
w_ec38983,3990
w_13550b4,3991
w_f5fd7ef,3992
w_79f7d21,3993
w_656ef35,3994
w_3da62f8,3995
w_881f3c4,3996
w_89ca343,3997
w_82dabf6,3998
w_9a58d5c,3999
w_d8df4e5,4000
w_7cd711c,4001
w_2707bcd,4002
w_8ddc642,4003
w_a048f26,4004
w_0175a35,4005
w_03dc41c,4006
w_8a1ab00,4007
w_8e4fa60,4008
w_1d0540c,4009
w_d3ed80e,4010
w_bb2501a,4011
w_1f95205,4012
w_1c432e7,4013
w_4e54fac,4014
w_cb3bd52,4015
w_095f58d,4016
w_2e10179,4017
w_7f1f728,4018
w_fcda065,4019
w_cbda4ca,4020
w_e27cf3f,4021
w_69e998f,4022
w_c6c73b2,4023
w_666b072,4024
w_92ed15f,4025
w_7233641,4026
w_8209e5c,4027
w_2270691,4028
w_847b884,4029
w_d129902,4030
w_867c363,4031
w_e126028,4032
w_4a17405,4033
w_a8f9a1e,4034
w_a8494ea,4035
w_c87b956,4036
w_bfe749f,4037
w_9ad963f,4038
w_2757f01,4039
w_bdafa8d,4040
w_76c1200,4041
w_2952678,4042
w_afe57c6,4043
w_11f6df1,4044
w_6438b7d,4045
w_b8bfaf1,4046
w_f64cf8a,4047
w_bc93297,4048
w_9329807,4049
w_46dcce7,4050
w_0be82ee,4051
w_384e9ca,4052
w_9615cf1,4053
w_8691e58,4054
w_a4da0b3,4055
w_44f1d84,4056
w_e21741a,4057
w_b88a8d8,4058
w_b820615,4059
w_7dc3fae,4060
w_8936f42,4061
w_36d665c,4062
w_98507b5,4063
w_349fcbc,4064
w_37372db,4065
w_6f31916,4066
w_d66572d,4067
w_46a4473,4068
w_b6c0c65,4069
w_3cd6996,4070
w_25db560,4071
w_dd0c2e0,4072
w_d3fde2c,4073
w_e8159c6,4074
w_1e4c0ec,4075
w_f9bd832,4076
w_89f4a0c,4077
w_b8c9a29,4078
w_a17d153,4079
w_e94d02c,4080
w_0e30df6,4081
w_8bc3f0a,4082
w_91c0a1d,4083
w_cd788c3,4084
w_126653d,4085
w_eb5b6aa,4086
w_9f02482,4087
w_e214820,4088
w_9496577,4089
w_4981cba,4090
w_5dc538d,4091
w_f43935f,4092
w_544f7e7,4093
w_8716ad9,4094
w_5b08542,4095
w_224000c,4096
w_3e1a037,4097
w_65943d6,4098
w_a3885dc,4099
w_f4e84c1,4100
w_fd3e88d,4101
w_e21da76,4102
w_50cd600,4103
w_bc68c30,4104
w_10a366f,4105
w_01f9086,4106
w_6751cb2,4107
w_69e7dab,4108
w_61b5906,4109
w_9e7cada,4110
w_9d9913a,4111
w_12d9132,4112
w_8ae97a4,4113
w_fa9c3d8,4114
w_b8236d6,4115
w_447643b,4116
w_8286350,4117
w_77aca60,4118
w_2eb180f,4119
w_9874f0d,4120
w_a51a6d6,4121
w_ff94ad6,4122
w_efe57c7,4123
w_f50ee01,4124
w_80bae3a,4125
w_f3e3ca8,4126
w_affc813,4127
w_4a35b7b,4128
w_63fc906,4129
w_fec1fb5,4130
w_ce269ec,4131
w_d63bf1f,4132
w_754c69f,4133
w_d68d206,4134
w_82bb763,4135
w_d28471d,4136
w_f0b4252,4137
w_572033c,4138
w_16ad10e,4139
w_257856f,4140
w_73321ab,4141
w_588d5d7,4142
w_0652d70,4143
w_e2bf793,4144
w_d89f317,4145
w_7e728d8,4146
w_11ca856,4147
w_50a6e73,4148
w_7a336b4,4149
w_5b3f55f,4150
w_7bdfc11,4151
w_5e99ca7,4152
w_c26f6db,4153
w_773967d,4154
w_7946258,4155
w_a7ac222,4156
w_1717a13,4157
w_5e0e662,4158
w_c241e72,4159
w_9c4bb3c,4160
w_ce01917,4161
w_29c286a,4162
w_a481883,4163
w_b17f9ea,4164
w_ed5cdab,4165
w_2e328e6,4166
w_b8cba61,4167
w_2f8aed7,4168
w_c6ac89b,4169
w_435ee6d,4170
w_52a8436,4171
w_db93738,4172
w_42aa161,4173
w_2184d07,4174
w_92f705d,4175
w_06e47e3,4176
w_e6f2c2d,4177
w_52e7cf6,4178
w_f314558,4179
w_c207f9d,4180
w_f8024be,4181
w_22b8a16,4182
w_7b69289,4183
w_b0a5c8d,4184
w_ed32db9,4185
w_b19c33f,4186
w_4176a19,4187
w_7133c9d,4188
w_705a70b,4189
w_a69bb2b,4190
w_2527790,4191
w_e53334f,4192
w_0b7e949,4193
w_9dab60c,4194
w_0c3295a,4195
w_9438980,4196
w_bbf6ebf,4197
w_67bfdf5,4198
w_7f4a1f1,4199
w_227ed79,4200
w_a54e7c1,4201
w_2b6cfa6,4202
w_ddb4c8d,4203
w_42addf7,4204
w_037955e,4205
w_55132a6,4206
w_123a47f,4207
w_950b5cf,4208
w_f183341,4209
w_c97ece6,4210
w_d6f3d24,4211
w_0fce9a3,4212
w_c92b4f5,4213
w_b2b74f0,4214
w_7c8620c,4215
w_01ab6dc,4216
w_15ebbda,4217
w_002b682,4218
w_c91f758,4219
w_21745f8,4220
w_1e6559e,4221
w_34801a4,4222
w_663a0d7,4223
w_6cb31c8,4224
w_2901987,4225
w_7abaf06,4226
w_ec27074,4227
w_39776da,4228
w_15c39f4,4229
w_8d08f9e,4230
w_0b775c1,4231
w_0e4ef50,4232
w_07a425f,4233
w_f400702,4234
w_bbcafb8,4235
w_5dcbb74,4236
w_0245a27,4237
w_afbc2d1,4238
w_5ee752a,4239
w_4684a3f,4240
w_886eec7,4241
w_a41d931,4242
w_a16b600,4243
w_4f0676a,4244
w_b426ff3,4245
w_41afa58,4246
w_41a260a,4247
w_6249155,4248
w_2ceab05,4249
w_b9bfd4e,4250
